-5.186257968810932,-9.752795287052642,3.350776544665263,-2.9636029410380273,-3.9314994260866705
-5.4918415193834855,-0.7794924066664706,-5.088192531817558,-0.14753107215255223,-2.843358651616386
2.01137859844472,-15.442466831960434,0.7338325370220531,2.3532778188103696,-0.6936031925324767
-0.6806402574170107,-9.199864604141547,-2.0218797623984752,5.7648100285532875,-2.711559055934798
-3.515112259164579,-8.354239513810782,9.668507886204347,-10.979211429977248,-0.7612319681685928
4.045799121435447,9.226037341707514,-5.335043954628947,2.659766052088266,9.910693746413212
3.783251098918562,-7.3015883321370225,-5.732373485924588,2.148784121859249,-0.8003176680576684
7.430081691835246,-10.274800944136139,-0.7156888847758665,3.056189838086743,0.9116318107288266
5.653389625076463,-9.206526413114629,4.549710524669734,4.895309732730677,-4.732203772611719
-2.4994114696087686,-6.034055059749909,3.8255145639507724,-9.993062668931788,2.4844497106320262
0.2291505017637876,-1.7374114942952499,-0.5154303647363006,-0.6799375477056717,-0.7113368127633855
2.1956537177325686,3.6363738285436598,7.86420279480079,-0.7823732575158209,-8.966003465814753
-6.435535555360767,-6.473666255518202,9.535041872172362,-10.438778557357967,-7.51258143638947
4.993312576254028,-10.785376068769155,1.7850131397078717,7.5207034778372055,2.0906316103067137
-4.359253284459431,-5.768224112972422,5.098268385218171,-13.61730536069643,-8.434052469041967
-2.029777996796503,-3.039461148149725,3.9612683913514477,-10.049112477174255,-13.112544165747204
-1.7603031748404758,-12.157528557931032,1.5801304397764717,6.487858354403295,0.5351338897968158
0.17829924722083845,10.359819904850257,-15.217814427552856,3.8861859209251777,7.619729550979873
1.1930469025647978,6.25801787973549,2.056236604480836,-4.144835853131221,0.07970603921843922
0.7575615087191458,-11.228599058633518,4.294560500881268,-11.06676452834902,2.9478959532438553
4.98415209215386,-9.662677023260528,3.540247309937313,3.3564404367741325,2.0946203058316195
10.88875482645656,-8.042751178956136,1.9689623136743997,1.7193417353530087,2.825378138396765
-6.55151146266931,-5.720317540540355,6.203916708499733,-3.5820657474128708,-13.383650463788918
5.636875986655343,-8.228759327092632,3.555172472111155,2.493547612143332,-2.5152734046387066
-0.2281376517165139,-11.737497660816606,0.21915557007110786,5.60419091885953,-0.4217225222644613
0.07396942343517021,-5.709632920414441,-5.63010176123403,8.613475535510169,-0.4108305471167003
-0.5869019475205093,12.973732859551195,-8.137952171372142,0.9983958206849275,10.025217106601506
-9.16659385562446,-9.506520960018296,2.9385946893042885,-10.55495748868147,-6.7471581942640615
-2.697620616748629,-3.5546214431788266,-3.491568006425628,4.559010839624065,-0.25112711145473465
-5.985138293392247,-9.081760233213817,4.215130998238745,-2.295691063113625,-9.403857308309995
3.2585506648165636,-9.332542346636716,0.9195992286494041,6.782144463033376,1.2852359635608837
2.523642602010396,-0.4305811536408002,8.626977238566633,-8.889318440384855,-6.244425281561037
-2.880619618203494,-7.641591647450241,2.8075360778327987,-10.033740652820827,0.6906510074772658
-1.3957595169367218,9.36144906721904,-3.4642395975663334,4.2428834783022635,2.9676812013465454
6.52335131536122,7.0964916611434425,-8.121031302262613,-2.977548216949465,4.0308941548933435
-6.075143156207908,-3.8200563363192233,3.9985716913439013,-8.772145236505386,3.104404585367875
4.7768380697430635,-13.12257451976038,7.607248094145622,7.146365240619274,3.714588134160839
3.1228301199110615,12.534403775889139,-7.822490720727812,6.2844101920353825,6.004624169440608
6.313092760013628,-2.3371568271619796,5.571667021360602,-5.182301796492972,-9.911317208460524
-3.520582283069449,5.144238989852484,-2.6552105816326423,1.6391492199571718,-0.52297242214313
6.5912745903583545,8.609316190692331,-2.4363304490442097,-1.1434972966320953,3.632349680699615
-4.844965158054589,7.28638257591021,2.447186353972241,-2.2308110565228434,-2.919016593598025
5.76794430834778,3.0572979379443654,14.968204284189532,-4.530895326258213,-10.101319411331543
9.25156016813497,-10.571457132812048,2.233942282072301,8.151387578290032,-0.3631010818300848
7.966936723929571,-9.115005741880159,2.2093993743497045,10.466519101312372,2.7574741326818657
2.0611174612418286,-7.231269649239881,-0.9848153813987053,1.6740519461958527,-0.14598826400223452
7.124281253610763,1.6422027775800199,2.1157749376881263,-4.350448839934612,-3.060996584415461
-1.3222029689524586,-0.17942322483259243,-5.835554344818957,5.9454302804369785,2.543615676685633
-6.388120162399471,-3.319266213572482,8.208377722672786,-5.671630345310718,-4.819805315664558
8.29954658439798,-7.139298968526713,2.8659228977875446,4.476861536231029,-2.851989078926703
4.923538863041153,2.7169143385196284,12.196347049572385,-6.778607656170632,-5.522847090801972
1.0683197855181366,8.577352979537672,-4.88828645062351,-1.5068593088616482,7.1169121211578625
1.4026994571404385,0.8084206130241032,0.1406903078025763,2.1140824971230443,3.55268754473709
-0.7143381782312815,5.288659772674608,3.709516210740287,1.1980202869697734,-0.7777264840878169
-6.941170786160792,-9.906116808688765,2.288015467204763,-7.200090865379457,-13.473411244007009
-4.748103677113537,-0.8053627313443528,2.3363137393541846,-1.1437764014324951,-13.273039864272818
2.4077600171388687,2.0580354739786664,-6.165935211897411,14.17346881683278,5.841570710741738
-1.1648021067919982,1.9224917887624882,-3.3534988763435276,-4.171858854128634,-0.8674003860824353
2.7689888095081074,-9.351734189084244,-1.4016775765814513,5.308077682082255,3.220066105495727
4.400032622620465,-4.908208142113768,11.295071300386272,-4.696100812418932,-2.924264782426077
10.351318860883255,0.9817313544881578,12.346189606200312,-2.9698862252406357,-7.599615250580648
-0.9023902765515344,-6.981979199847324,-6.898125901006781,1.3645929108201869,4.253348752026771
0.8695248974244008,3.1968089048852173,4.344161738374785,4.133300433934031,3.6654529538160405
-2.9689684309437765,1.4454320227865218,0.6832138386732978,6.377859386483274,3.468408070819895
1.4373475794460076,3.9239294517717296,-3.9294609546259007,8.591558167347483,1.36345334084485
-3.313118212814958,2.0694026318947096,0.46312388699783436,6.531912874624592,3.0126572697053957
-4.249410944142551,-10.44600431915223,2.5534876039153795,-8.404167834346723,1.4446242258273436
-3.4768954374966565,-2.9452415101318374,8.979155633246153,-4.276684462745986,-0.35604058221169543
-3.3351529418993238,-8.18936628434168,1.7582209812347838,-7.787164465917032,3.670925725778196
1.6986920012357283,8.823806625153471,-7.391599958447154,3.1452037185125556,8.701591811706342
4.360878208421945,7.865563022282886,-10.953078623864336,-2.455020234580785,3.1645207420517227
0.9533764778868875,-8.09788217118631,-3.2655125700372087,-0.8865863175865716,-4.3929355156449645
2.393533165927858,-0.9660417206323351,4.197088013117377,-6.672463489355574,-12.463496912323608
-0.5619114442574225,-4.309283999077293,-1.3273016441307304,5.680879225257749,3.0172874133413905
-4.095578471182735,-3.7117800398121066,10.223813720055734,-7.671503206638041,-9.216302812222525
-0.7026668223488164,-8.041060744442516,-3.115422769461881,2.2324608051548047,1.0778444557811122
1.6193662870361876,-7.3203328006323485,2.601239370723347,0.3034502346792527,1.009194975893374
-3.6057495764339347,-6.96103419083078,8.487362252012591,-9.452566153217715,1.5318162139646518
-1.9472603198181409,2.2057686049090734,0.09730275204144478,1.338633965117718,1.6395358389240213
-1.754999245771769,12.03840767662697,-11.31269682300777,-0.09781798089262583,3.968358599443628
6.025287641479467,-9.713819035197213,-5.907374692939713,7.649136324900503,-6.045340643240428
-8.908153057829011,-8.462131681995906,3.561671382620539,-6.055413943674943,-9.117177945239337
2.543396836184667,-6.021207029617173,-2.625530303041054,2.664842678840512,3.342865992866673
5.517039230360272,12.375524005148593,-8.688219422208046,3.842448273031784,7.688486994148636
-11.391622641534514,-9.929329082118766,1.9688247546158077,-7.325925324301493,-5.893064788166059
0.9177414953574488,7.4582041240846175,-9.437254035732833,1.0627809507631687,8.671942042817303
6.938866693209805,-0.5700773211860002,8.72137327905232,-3.501656096877613,-14.714848363937561
3.2674258263207374,4.585208018609189,-10.808728495217423,-3.1193753554252117,3.707205587755608
-1.3890475991408806,-6.410424341894823,9.03213886903842,-8.88365240336633,1.1939558231489502
-2.8430926410218693,-7.801337377923691,2.546679475388454,-0.14932026938381293,-3.000866665493227
-1.9319845710551777,-8.288430794216138,7.656280313839465,-7.706427526808463,-6.303518474225081
-1.290045060933962,10.148632621800154,-12.907477810438962,1.5113739440386946,12.91947491149977
-4.418823293326098,-4.05058034667824,-5.486209753598707,4.491276712166471,1.2696962923157669
4.093354575533376,5.632609346222869,-7.572107857330524,5.945800793512966,3.1234276420666207
3.2817260955118748,-12.81515420255518,4.265234874837972,-11.848584278663047,5.357573983192571
4.987516428302081,5.605494126245141,0.8764190917494307,0.5780089170234457,2.1217595087948222
3.611449711570092,-9.570829379435022,3.114066518177256,3.5884602990114924,0.6258167418771223
8.104845223994285,2.458033857092573,8.11984722896284,-2.611595286127093,-9.230782854098262
0.6252567382200187,-7.749802853764279,4.5208695942524955,-7.6083723427662875,1.020018889960555
-5.081253323063237,-3.8976093594610344,6.364106812063847,-8.36802257496693,7.872786470483829
-5.379706966926616,-7.8071799892191,1.0579861258424668,-3.2623351394410385,-4.0826058474104645
7.283259638518199,-8.153258103478375,2.7512542829356135,2.0669606323578362,-2.9810441260487424
-1.6334538772284772,-6.05754276137818,-3.0130491058262217,-4.013285665196461,-1.160275106974236
-5.875644858704743,-7.931816963620322,4.925409128121543,-4.485764506775882,2.6608340642119055
-1.4588971215529511,-13.172748947202523,1.673661212112003,2.601905337869905,0.7926585883321293
-3.5123774478484826,-5.930514461758828,2.5034025292777367,6.358743007968834,1.9572622812257081
5.563445086062086,7.853809673793498,-15.51849972803204,3.7565014541337716,7.57280629712184
-2.890051395046047,-6.179403183148952,3.48114227365042,-4.873431843437765,5.582370778425778
-5.446950528799203,-2.9276155260959484,-1.2950903038438883,-0.01808156895576918,0.7447849600195924
6.70244624323145,-0.32866911861888837,12.407594305467002,-5.861836606816633,-7.406486782406089
-1.5095813292105564,6.082889761075233,-2.078171313581856,6.554732003708449,3.873539898343639
0.6224730967672776,3.480139319286413,-3.9348894700826516,11.615718651142174,1.6544201217865746
0.15717826619077324,-1.8789652809702364,-4.7026084267253765,2.0930097982232425,-2.617396665600231
1.4742473352778975,6.122572322754653,-14.731378484448165,1.2971814993222737,12.787750001108554
3.3793884447485385,-10.812768614643794,1.9305388793226426,9.559631008967369,-1.978174866669539
-2.158565575266974,0.7482416302788044,3.5275897381518315,4.196116825102152,-5.07273661607886
1.8035341661501194,10.243460373845735,-13.448465150189513,1.7231887004013826,4.62055232033008
1.5984175762123702,5.230870088204534,3.0296684619692975,2.5616352308854418,1.1858146580107196
-1.6601517408095505,-9.880979817461839,-2.2805369997139797,3.687929427296048,-0.8852156366122641
5.18707972660612,9.76463792132033,-4.7358689169138115,-0.45738252771132304,0.7111744377244786
3.28801455485374,-10.367539448474496,4.318248897412982,6.785674801464012,2.9907236619262765
1.9037134264393902,-3.499820484166619,-9.369620809134435,5.390281783514034,-2.1963285641826196
-3.4639314954188785,-7.628750397598399,7.177405216864134,-3.425397330647716,-8.296998472651472
-2.701867421430336,-0.5677099341678367,-4.221595911495296,2.124349397749893,-0.9488348597874494
1.856000716100008,6.974899121138314,-10.099949140402686,4.48868115150897,1.5551273671420045
4.784900638970663,-7.682271846798684,0.21457352360431958,2.0959575004739666,-0.7387027139574632
-3.389119545462228,-10.169828723374184,10.350998936071734,-8.723840677091907,6.861512319247027
0.17332908591470453,-8.207724671811487,3.7627449824692394,-9.026141985102843,-1.253327957142874
-9.62692190232838,-4.767269032418478,6.717831666340697,-4.783514834371648,-9.070126775322924
2.32080746042194,-13.264357489227326,7.833212668726118,-11.976954585041973,4.4315989295016855
-7.6146979644940735,-3.403915092671747,8.037338026855371,-10.50873825091223,4.7445549092934565
0.9273346997069901,-8.474665691930928,-2.3126871626553815,4.242230203987922,-0.5863563885414023
0.4505987456150349,-1.5452300888740247,-0.6376016952581707,10.429425476915256,-1.6980017788721002
-1.7807300085489293,-6.330982659820745,9.694227074371145,-6.841642257492643,-4.952623829892577
7.914950318526643,-7.319061138955445,5.3114217701984945,4.256208754285522,-2.1150296901701995
2.8028377312577235,-6.501439842611482,0.26429581321144635,3.6911674277331805,-2.296107255379442
3.5841466515296747,4.4758656666056345,11.753274925686313,-8.418937914306493,-10.755780113765205
2.3954546986322436,-2.3758868796416124,5.951190899987768,-5.304335118245662,-10.374031442863172
2.4123386429099156,6.208027410675186,-8.3533428456958,-2.2343698569351598,5.1589194496844515
-1.3839465938374387,-3.1139825503784886,1.8928233360068303,-8.331352906661362,-7.972583910873392
-4.979596449304954,3.330408547439226,4.24898944682115,4.107666586578306,2.9757206018625872
3.0126394385250554,-10.223053928943505,1.655543960335204,5.912587459711903,1.665598255021691
-2.9361807116796137,-8.32656536344474,5.687405156175837,-17.52524900156227,2.5943174898302086
-5.854351777658595,-7.448318668382766,1.8829887597687445,-10.333161445273753,-7.2090407547424356
0.880311170785687,1.3938465516950078,-4.936715151174348,5.901959211145227,6.186917332447308
-7.2185377072936925,-5.167475935588104,5.576441624953152,0.33488795593593945,-7.175364844760711
-3.359177418015504,-6.174910602819869,3.1815732489721977,-10.972424435100617,0.030582886187144886
2.4343813105579417,3.0607592276916913,-6.307672597871715,8.682797947239141,1.3787764319290199
-8.184986947100905,-6.16178021951629,9.111421408817545,-10.056070747763602,-11.086050678406576
2.042086766697839,6.982355653918178,2.5223962552099826,1.3720414855342984,4.925036989567263
-8.174896826373992,-5.525702072941715,5.3868803846512066,-7.240762080159927,-4.742446330644183
4.155562851161517,10.816551381902995,-8.079355456308567,-2.971698576424054,8.467599321498547
-5.399425716030073,-1.6766876775122714,3.58984497971961,-4.39732715223892,-10.358073532269309
-10.113252715698938,-4.136295510467582,5.675322661648553,-4.815752936645544,-6.291347259148148
0.35050907900449335,-7.7356082455973505,6.4820385435453876,9.168091580624244,1.5728151328531799
-6.31496327204292,3.1349447585600454,3.7245984506044323,6.344075592106945,0.7699053163487015
1.6269983356884206,0.9868219876815607,3.605393095274512,3.3367901241089033,1.4826474121777835
4.559422509536459,5.113570612297734,-8.381881080866588,2.173173098974857,6.453400097694499
2.2729883318735,5.971672133805336,-6.254097504542422,0.21807987284399544,5.64798698655401
-0.08833035697829672,-6.260812376710936,11.825271337932152,-7.9740511294997365,-8.861511597365064
-2.8365804962710777,-4.306235695378118,0.31079789371107136,2.2406598268445883,-2.7554927470812856
8.806573905514849,-1.2990170173916478,11.058739630179558,-4.904445495068062,-9.997016045429314
7.112530906264761,9.458115549416938,-4.194712728162952,12.401272680871887,0.8456259219194502
5.367385658323089,11.551454745305925,-11.30973992302557,0.9589879942275261,6.28949380866077
-8.360248929416889,-4.613569061320021,4.3190702340225755,-12.525755239674027,3.3925833767033624
3.4103425559298817,-9.267524764424703,-1.9689514742270795,9.010497182656927,1.479707790961276
6.401542785462214,2.5151561429496136,9.982808094869851,-0.8832490982068859,-5.620118686654539
6.813670104860378,0.5837774484696534,8.598485731177055,-6.836218196953768,-5.012810399237338
4.061073614094649,0.5196924828823113,6.972205565030919,-0.1654544569896741,-8.202403885895055
-0.24066112001923567,1.4881939156698931,0.7498861630166013,8.860321581268447,1.6063381726043817
4.680822752754552,1.661160627724005,9.295275488965235,-0.8453167065183496,-7.901085099571102
-0.3461362002942425,0.4393051941060422,0.3221697345468728,-0.31200443682465373,3.221304381474035
-5.9569982455355035,-5.9849731321258055,4.6156527336547235,-6.2438447843669715,-10.22445649050445
9.009464672724658,-11.2754780264004,5.237450967463511,7.03979182775681,-4.629065908818738
7.2645266330754605,1.9810060921331576,8.011452585943177,-2.439907089491351,-6.05049997091358
6.552577325458527,6.584468013581145,6.850786918737802,-7.643662842520558,-12.078079908433715
1.802113998181187,6.235874500990329,0.8768172578944675,5.838078530689787,6.730712549377152
1.2846931643710717,4.565314220856859,-4.904479653575397,15.003675787718091,4.066093372246696
-1.603821553458289,8.917445017228646,-9.969403333341647,1.420520527003668,7.757328841162137
4.686951503543486,-11.875774029282015,4.1153309278050845,2.4806800423731095,1.7497079399201554
3.805150287105577,6.334834613189246,-0.7046027992569535,9.472182603853438,6.12825425343906
0.36395686942057154,-7.89708117024261,-2.6355894276803653,5.130899731165324,1.797537038664661
3.7104824254716195,-9.185548522198797,6.281196320435223,1.901818749636385,0.45133773487948525
2.0349870039168967,-15.408860055879254,5.632758149219501,5.060759752669596,-2.4969625474401855
-0.3677273719676961,-10.607130871865348,-0.6577831798031593,2.0704207910812173,-0.8464675748578598
0.9423039670607859,-5.9536843523532355,-8.034454830751372,3.217131690540998,-0.1235658602655707
6.745790595686292,0.6347532959370135,5.891779534882498,1.6201158737209198,-10.109210477516125
-1.881036714644992,-6.770982647394804,-5.553188842718752,2.340975941857458,0.9436320175712583
3.704132049321421,-1.9661089353002836,4.364582691742035,0.07622518795602273,-7.015643803920848
-1.9249452931725544,-0.07816945546560738,-1.6879131597729018,0.5162918544582187,4.67260540932261
-2.716419250889796,-8.92808791952628,0.06963910574764043,-12.708175747037139,5.663560857647781
-9.070105262426663,-7.10577519840306,9.496186342413731,-9.89347639193268,3.3763430506293144
0.6908576150079622,7.115264579690617,4.283574993973052,2.9096619328698496,-5.238188526859375
0.436671504896135,-4.858111984378786,-7.666898793298704,2.9091177246699673,-5.089134535205748
4.637250596627937,10.446386068038997,-6.753953931643526,12.892092369821212,0.8455669757042497
-3.1652613559191645,-1.1783459919361143,-3.258916669105833,2.7421466821930798,0.12419608478539712
1.4318712611010893,-3.3860185215297083,-0.3671180977168449,-1.4624376118612394,2.2487140796752474
5.595420203467628,-5.187995997553259,0.7650570637769953,8.304593336148518,-3.0077572064271165
-1.152568242417357,-13.575190149253075,1.7730559200703038,-12.938531769172847,-1.144369559846413
-6.88343080167167,-10.667429008548824,9.26752079977062,-5.766918272399419,1.6909263221374773
6.287014823386373,-0.33208131426130993,8.027097926557994,-1.9930775498999829,-9.921372933977526
5.632817277561619,-5.348768099541038,0.6143178538881648,6.619909431294233,-0.13900736735483518
-7.1807127698275135,-5.10193277644495,5.680761006275735,-11.13286351181418,-6.801766770948271
-1.9527000465384985,-3.988520923090335,1.5652734464740687,-5.023099549389831,-7.496916766799349
1.0629737758824422,-8.08812538849839,9.878868476453132,-8.650010171557074,1.1076061224659206
-2.0704673773119886,-5.2150480712429435,1.8279035120668965,4.033231821076525,1.3746862021639457
-4.184869066772393,-6.46937002367075,4.963172560237792,-5.452049208832824,-7.591849557344033
-2.569915888698912,-5.932777605965057,1.9471561686168029,-2.5091468843863343,1.5461868380373551
7.659562792773659,4.313922367307878,-6.026892035969781,3.771722079630438,4.890503879703952
9.271219929548781,-1.4005970006715938,6.73466537356768,-6.040563059701732,-8.573515237696316
-3.273082407279265,-10.603760099964369,8.123939526042221,-9.492764014752627,2.010767880076961
2.061834859307068,9.282645318568777,-1.2003100375186495,8.730842186555698,-0.9171802835499516
4.282817488494846,6.0767455540854,-4.11860488850418,12.803285971655203,5.561841832375889
-1.778037985190823,2.016718061582604,5.694358636645201,3.8705853629348113,5.285329261259257
6.972448600728492,-2.432587143710313,4.260535501954971,2.287646141363434,-0.6232901061096731
-6.871412793823817,-7.854054622332163,6.062407002343597,-3.326420780960175,-9.848935821797966
-0.03342931869265264,-6.083377390009602,9.715108209421194,-12.915800175790878,9.869802445028814
4.046636221647508,-10.892408754419074,4.281770353768233,5.447122601124553,4.046507663001694
3.231868392772412,-9.190190735106285,1.3170846237666858,0.5744778433050288,-3.3222878873147916
0.5740836864221137,3.1479192683775197,-2.420540345830159,4.453008884319912,4.578309435673989
0.15773014065383428,3.5634285907994845,-0.19597805979365646,5.303708486539521,7.600445142549572
7.78054480240345,-12.273884013977135,-0.8620490977850839,7.199639867296746,-1.748407748651461
0.647408310871715,6.5285475282403675,-6.9887095528023355,5.804465835040711,2.2680210433122454
6.4248751490373195,2.7509411462579783,-7.774423417234626,9.273418800074543,6.169445432861378
-2.5762583646593464,-0.16849580150999355,-2.466171342730264,7.297171307440165,2.6955935816029206
5.309769466045977,-10.552051489528857,0.6756675049725365,2.8622176373694512,-1.0911479460537579
3.507081060951336,1.0042781515203172,-0.48090077751897087,0.8107805046466687,-0.5123117119660039
0.9251100731918633,8.852765766446314,-8.025518189556387,2.555102178928025,3.468696729627528
-2.647711795163869,0.41797982047066995,-10.702328548649046,14.61103866542708,4.417784419887824
9.884351107451648,-7.872880647760042,1.134339121471277,5.803424919737376,-1.1977043803061282
-0.4661998030691672,8.584970278876835,-10.861530940838577,-0.2327014878497789,1.6631050507522582
-3.1916517684282923,3.5259366521705764,1.7104909203064071,3.2738517092224573,0.5373862776825453
-6.11487632596454,-7.611264174707259,3.954892174646523,-6.803531906894618,-11.409748592452763
0.8799063122080715,8.166657069843554,-13.293661262665116,2.5189505760973834,2.0595859766342537
-6.78533926235729,-11.782048456285523,2.875772005029689,-5.549000778891109,4.942943755734509
5.9254581381418845,-2.1886016738774767,4.052779015475181,-1.3007920344311446,-8.441462269840228
6.011991253686491,-3.3880838583861568,5.799121941401016,5.526032904388457,-0.06432524275260913
-3.0864815187191263,-16.21564664689032,8.207426212871496,-10.696462922376718,0.8498149165836306
5.00321930387968,-0.2734991377110312,6.865475712973896,-6.028406157982164,-1.361219801234597
1.1281875992966106,9.882578081728143,-8.629413837644936,-0.9672077522840643,9.466023995349776
-2.7680381784900647,-5.032746831876318,3.9937344625586952,-6.950430356318172,-6.552722586668085
-4.759702768111467,3.0478200846913017,-5.1451223454229265,3.054951580119784,-1.1635927861270607
8.02319927215224,6.05705277566935,-11.912896038254924,3.850022670557509,5.608683850973536
3.9429147014138235,2.39542364475447,9.96152799436161,-2.4486221831096966,-8.656290211934397
8.288453288536562,-1.749891660260905,4.915900315826515,-2.5399034414487502,-9.822950179372494
-7.477251299686737,0.2945529054976781,4.991713433447041,-9.444962650040106,-4.798177743253121
-8.144930268345739,-11.366755946276694,11.386196322700812,-11.355540279490645,-2.4909015286196494
4.046218627911701,-5.76829245842109,-3.4462766114075523,-1.5484787846718264,-6.554686998815754
-1.2435441996954375,-10.292399360145701,6.82998247239605,-7.582082115947966,4.685281181646915
-1.1576527988369278,3.0950277304600458,2.1048772805122513,1.3973659124887114,3.5681048020496013
-2.041611155878808,3.02358429563928,1.9878542013890055,6.370523646826291,0.6568945342838888
8.02500219792709,0.9429073232871465,8.341263880735598,-3.6753177165976547,-8.719777740429404
5.912080415355526,6.533659531671938,-12.337863321045003,-1.8411381913702587,5.3008724124707065
0.5440438880592844,-3.211416199014952,3.153754840408891,0.8211076081345916,5.2734637449021005
2.7632446672100985,9.243837955950163,-12.784011252236866,2.6283630160123934,8.380006483659969
4.786842056980438,6.476360861989839,6.02814280704,-3.172849441556471,-5.128093694938782
-3.5358750089487776,-0.8244846575757014,0.6420769853285444,-8.95299406871736,-6.494304549202613
6.62843347341757,-1.6236415461339808,9.250045694791023,-2.637369446979357,-14.69094462078603
3.258755502562429,1.4089366512932826,4.219129982299051,-3.9105835833500895,-4.767493930568834
-6.064831007058794,-8.286484410687304,7.271159461946077,-7.44899444512955,-2.2631871792060014
-5.723450607713672,-13.425410441702475,-2.023080471398938,-9.605624155518836,-3.6495331920477714
2.842966781556296,9.678587866287433,-3.89327094220866,8.777761706308784,5.254764383850504
0.042011100025185044,3.606836072201162,-3.840128112411474,7.991922139668243,1.2086227833495462
-1.6593455674789572,-3.662024255005865,2.837308384684893,-6.847598288907309,-10.225915701357389
1.5745656507129433,7.357371447778904,-8.45413689438757,-4.489714903730713,7.143502994536884
2.454533625232015,9.243310839166202,-11.251542475115224,-5.118593039831943,3.1231300097985155
2.3469180013236657,4.224640924501711,-7.066143436604106,12.407487129551441,-1.0211225455247863
3.0323864123181865,-3.6297072385347766,7.907407143543411,-0.5924787910612075,-0.6981808512571901
-3.208325165764352,-3.9208625724000097,7.379574741636589,-1.3423644951209432,-9.892531738961264
-3.080393981929725,2.2638739730534905,-4.766168008784363,4.196580570566541,3.119471016776062
-1.552501540309084,10.028118283910851,-15.585039672743086,1.8272820441244502,7.503944835338161
10.709087333159605,1.0282806294569142,-3.514408970369215,8.676634290602562,3.1556311786521816
5.614619579701609,11.172633018173059,-4.081960993316373,-0.22310380274613006,3.4099098243100707
-0.46463932273893604,2.1847345695953737,-2.4020262030348447,3.975321753043027,7.26123380508055
2.107677149576574,8.706553676971676,-10.278200406901172,2.341745470250533,7.209929961597818
6.127516453668587,14.220952246012462,-10.700816345949264,-4.9930215122160115,9.031471484984815
4.530258330120132,3.911472776680637,9.574768479051992,-5.12203536539668,-12.168399918252671
0.44565766933320017,-4.457624712990075,1.9627584224515795,-7.892545418323353,-8.762529484670438
8.289748766249362,-0.26520481721702127,7.43223511761454,-3.087979602471741,-11.2936719919296
0.3171331862779523,9.366086116467347,-4.3396579633590955,13.200355539937949,0.012160948970536545
-1.688605217702393,-6.397401653510727,1.607678408121692,-4.079227982936159,-6.399514367917087
3.878969568466646,4.584178410679239,-9.463026436575355,11.080669565748085,2.48560538157251
0.32942832446827586,3.4651256870399005,-9.86427683184726,3.5312561420760513,0.7700973107058928
5.668202161710838,6.969890032341128,-13.033255780832452,2.7754809766575352,11.683479242468584
-5.033450750636506,-6.3981270074003564,5.3568423755202215,-9.888319018353917,-9.090110657387495
3.7152029090146015,9.994543037871315,-11.257616011156152,-0.013010937178002224,5.6528563115608765
1.4482774517639552,2.8136719696860544,6.999995630634038,0.28612252303920194,-6.610186071893232
9.092041098367682,12.941960808504387,-11.626662223064153,0.08042074215442474,2.1946206906336956
0.8882192810710484,-12.795870993468135,-11.120329755267788,4.899659864450273,1.8417218256432073
-5.467416459328363,1.609068474337057,4.1428296519397305,1.8900334501395193,-0.19503885181528524
4.73523622545106,-3.9749975395124064,3.1461396301528373,9.276987229481234,1.3880585317746217
1.951394710894109,5.025911514223243,-3.6927537816555964,10.887919340868926,7.3367732900149205
-3.442182576270529,-2.04881474113264,4.006294205279489,-1.2436965415753551,4.851791145697652
-6.084397097553919,-10.175596491542368,7.323828709415142,-11.947008046774139,-0.39376435244863783
5.2419626607407555,8.36728389630072,-16.657706763069456,0.6000725808583566,9.797726382100084
5.28015558286474,-2.299411986097453,12.526878330784466,-11.077005283206251,-10.940234582740416
4.538548855617881,-2.3169952579992885,6.224640643570162,-6.208162426813013,-11.334873833139538
-10.843457576596716,-3.8918336867280052,4.421770506607501,-7.140133678689607,-7.171531082359641
-4.361295325597261,-7.001891466869237,5.644091049809734,-11.090623590342432,-2.3126943675607077
-9.143367869513352,-7.254754827945783,7.3609793727917285,-7.544466486578277,-6.08046894498003
4.037890208546113,-14.130188050862056,1.0568091031935287,7.245943223956772,-2.2180574213619453
0.29634588142479235,-2.797379654054696,-3.8932837937346214,1.2950387524691696,3.4442323223987863
-5.002311704195842,-11.597812162248701,6.2505684995354525,-9.457625064821706,6.177519849955907
-2.00412612062851,-10.618046599916752,5.478877177463503,-10.336195030243712,-3.801125466152147
7.104743519504489,2.0317705426245123,11.814446471119377,-7.241582194133256,-5.203054474307676
-0.7922034684089466,4.56836546899392,2.7343737026401485,1.7007927838028554,8.61383218200996
1.5829155675031688,11.237517862565763,-13.251876807986918,4.107983419835643,3.2404179839940195
-6.522033441980797,-8.153475385228848,7.796691791690251,-4.854234251983133,-3.5071774617839973
5.4387189810111325,-9.016701485943791,2.8072887547763554,7.360133473782563,-1.5092819782710265
2.018238203061207,8.12341505464335,-10.716447989114,-0.34861160750517606,-0.8778541002347797
-1.5205277713058822,-1.0249516399910927,-4.571796535486248,1.9641995906327088,2.550240863162096
3.9614038523487136,9.510610087244448,-5.530464609952842,-1.3942621570604856,3.2061565075321115
2.6223067775736357,2.9330579282449563,-3.767879521030944,8.243555437101259,1.5415543408505767
5.060695791849254,-8.626891749538299,4.055673403540663,4.328707973780671,2.9373576185501262
1.0755086226304584,3.8575748227124675,1.8422799226115885,1.987048759283831,1.9899863445821548
-0.9989596797395414,4.168225763279839,0.04911261114839946,2.1544672684210253,-1.5170926536781586
-1.6293031119113062,7.259737506708035,-9.764235175202817,2.363521229663582,6.483532064378298
-2.033584676743014,-11.279386644977516,9.32292949685069,-9.415830778624146,5.386986095385787
-7.353582902399682,-9.465290956041596,10.823451518023653,-12.29954737207363,6.720321742862657
2.4551535299640133,-7.597659407394234,7.176898015340284,-0.5854475572186644,-8.16923146121528
1.1322334867357151,5.954396755106297,-2.748164760657393,-0.03230534089339798,-3.2082931358677342
-0.5928473456644832,-4.619199773269456,0.38417352249231174,-0.8160943053479173,-0.878798510414081
-4.580661008442744,-6.233980617576432,12.142781189715112,-11.654261274463728,-2.606268629555787
5.558542303289708,-1.8097684789736403,3.8005227262626136,-6.029845405211808,-5.802146412362904
-9.208867221796122,-4.605949754095207,2.842176824239558,-8.274489098482928,-5.720292955212393
-1.5469483599271667,-7.334928262028198,2.7832991587744473,-5.81645634364833,6.050125685315983
-4.027563842338908,-5.343276007393586,3.2945367978638624,-3.884986103498397,-10.919629424250449
1.0879483623926212,1.900930426532806,1.4717302560813177,1.143179904821088,-0.08675729676379706
-8.951506427998552,-9.801931789014183,10.085961388914406,-10.242310503608934,-0.49191264754337416
1.491429944720029,-5.508474810695427,-2.0003183920520313,4.339561932494145,2.324418173289867
-9.863394397617306,-8.9531799210659,1.0178493958091943,-6.360107007906285,-0.2811340738368884
5.174667132791301,-8.906581965063625,2.3253225067526846,6.2108848869607645,0.8335715489359941
0.9518444279804879,-6.198417378378481,2.9552985392881537,-7.91910131495837,-8.547834068419226
5.566534762592911,8.308077619909316,-4.490014446082949,6.541258225054889,5.905640166787682
-1.2744836225529061,-7.195766193175217,0.03198894375934769,-0.5484896198141174,-0.3935779864928688
-3.1738212723940276,-13.160187104835828,-1.1514883449276179,0.5167108087191616,0.2607339875001162
3.988905833396542,5.017310560739923,-2.7341672480021497,5.82905032646905,3.609074023625621
3.440361563875836,4.875298172960157,3.3916883438695997,1.3116183677220377,-1.122404440988686
1.2845782495922808,2.9653577461349774,-4.446654978324049,4.169186934283987,3.9585710446577687
-7.0108964157314215,-5.835661878860173,3.688024263642768,-7.6949147386042185,-11.334591919042541
5.356575056133378,3.2432585809131464,-6.280354573278511,6.027470468724242,2.7087281999014747
3.072751978290392,2.938007346135554,-2.3923553211890467,-1.5021696971247538,-0.5518733659102173
-0.989007306731307,-8.675177233268066,1.0699672196356733,-4.771823433748906,-9.266850047751634
3.2414906353301918,7.319156721052507,-3.426699009759264,12.360447446493811,4.976167353333043
4.1140554794851365,8.421835748757278,-13.816840036464853,-0.7263898848906594,6.605798008909008
-0.17469586783231206,-11.931362435082288,-0.9601125582561518,6.118474462866941,-1.9097896533777603
7.924528399393287,-1.4260359498203228,4.71161685409362,-5.720954201412371,-15.294879159388978
7.565015788048931,-6.4269909757185495,-3.0148829850069507,5.491538131193367,-6.092263821367507
-2.191417891212904,3.461541583207521,-11.261397595424578,0.7963986065356521,8.351658881831195
2.0084030008406257,2.718217329989387,3.4190058168517097,3.0655189830633103,9.14773377043369
5.066858570540833,10.51001933942266,-0.7271230247071356,8.205951416453308,2.7610511765551755
-1.094278646815249,-11.38047958553605,-3.6418190937384938,9.465547489849794,-3.1060129986071305
7.372001110460058,-9.658246629771792,6.598426162076021,12.96381007226555,0.9983194423381097
-8.84729385656379,-5.86128962415062,4.263510418479371,-5.2064868932711175,-5.9040265027766505
5.083597544367543,7.734204860755495,-10.878447291710886,-3.6782319414432862,9.334319042447003
3.620152824781832,2.859705894246779,-2.7419145771937385,8.338050054134136,6.461192388240644
-1.6640866819575488,-2.1119926361007613,-5.865767714978655,1.2087111662813048,2.059705892624628
9.55533732886381,0.014392550213527588,7.011114788163944,-4.4616058052301755,-2.8014080798592698
-4.096859499937115,-3.6805276832048266,8.735480381814003,-5.23709138439908,4.001100881719455
-3.5767152160809865,-1.4989860265226511,4.783613479260982,-7.036043152873289,-4.706681088040694
-1.092657964548097,-10.008992945706868,-1.451432448467388,7.5418873330165015,-5.186074964773515
-5.7284289728800495,-13.10261060720252,7.559139579424908,-14.217201505188193,4.627516141292032
1.537836868995682,-11.49253469369604,-2.4724790772627667,6.867733930361085,-4.3395438960984105
5.985697575672582,3.0182012456828042,-2.1852339666030636,6.723818869079052,2.5742444819078734
-3.7910449922580725,-5.276534336391936,4.486897793772904,-12.368443050611903,-7.9296184625790955
-3.0035230248592937,-8.94571045709379,7.803125888883143,-9.750932708593782,-5.149686930052425
3.3399497992113045,3.422357357283378,0.6422519236984634,10.402031012744782,2.966067696248602
0.5215804569671452,-8.28014918903187,6.866422856006123,5.350077976007376,-2.7042139600491177
2.835977653659122,11.934303098205174,-13.026880843524303,5.569456262823806,7.420161050771605
1.4014324286275421,-12.821985001894845,2.300618282832291,-13.816887263048368,2.58918613464308
11.528719068838686,-5.047831657105114,2.9293129752169937,-7.748815474850469,-8.735449564095154
-0.38884934107679625,-1.0413839012600032,1.4141357728521557,3.861647098600235,5.48850432556131
-5.267072012470896,-1.5958843557377769,-2.711072993324534,-2.4185995172190218,-2.508228397284763
1.3159655057578679,11.627571554352473,-12.112879556374512,1.3934189203577982,12.56924574319483
11.034974409254243,-0.5021250193882374,4.806839723200184,-6.395755094997844,-9.663258480471148
3.4261747453693334,-0.25170039843942393,9.163771598496682,-3.197846562917033,-7.027408520419078
-6.1371336691196205,-10.77945587995285,2.4216215722121315,-8.411494096270673,-12.532115706517025
1.523397820353194,4.684612273003112,-4.184606640723835,6.049510629978281,3.7799311690445165
-6.317120790069439,-10.014840320051213,5.26625865133626,-4.354118511601138,-11.307611786045056
3.1877880943410775,12.60810919101115,-7.9808691351773975,4.173098442822484,3.6005969418731407
-5.141329223640543,-13.074641372640304,6.091520924970912,-8.984691557982021,3.95297962617229
3.1818997582976305,1.434702361217017,8.123639530360288,-6.783065546346181,-11.320554218365952
-1.4968070038350456,-11.904845368551182,8.958586845993208,-12.27994694431247,1.0401797861946123
-0.547156142085995,-4.447818990484443,-0.6312374850262501,1.9885050144513055,0.5442860927095989
9.070760815575436,-6.560112112696298,2.8928137253056954,8.497274891040647,5.558995248014676
8.044303361573634,-8.452769996530812,1.1529865552633556,6.4251260402276476,2.900858338112214
2.1948596252741477,3.513763558147187,-3.173754168775135,-1.8644825767776796,2.440394939801246
7.470370931309385,-8.637720222683686,-4.1723697198337995,-2.1278673078871133,-4.738985003948875
1.815452390552152,-8.95544358719674,-0.0005960678605321235,2.62801440979824,3.2093322794389305
-0.9595727534278027,6.991133185094694,-2.0092703869436837,7.135875230530039,-1.6260522956437082
1.949854623709213,13.28196622036447,-10.958708391637325,1.0271393238508746,2.144311616068478
-0.6529597177246877,-1.8531338590518942,10.491592764328256,-7.449034917653652,4.305707207835358
3.695732840872573,-9.809807617207932,1.107635353967537,-4.637126382216655,4.358273224057322
10.008339535748418,12.20049259416464,-15.747326885218031,1.276049625294836,4.579455906020052
12.101561781804502,-9.233416752228521,3.4068082593204787,4.444181182835534,-1.2470483368954672
6.201768836370809,8.59020197559725,-3.671235436396634,7.255345829990427,1.3058985951040358
6.199245070600086,-5.6461927718766765,-1.3741114093637705,6.476488203608156,-2.9836196979977014
6.654357188702983,-6.328078880469074,-0.9515046808043452,6.372131166820617,-3.9261781425600613
3.2850876912358506,-5.260056212532819,-2.9732954006630443,5.232128813174118,1.0527245095851834
-6.534102836061414,-7.659835698878826,8.346122759212541,-6.85758898015673,-6.2490188227622845
3.3376148874931344,-1.7296601683347674,-1.1605634096951198,10.380818421998928,3.0864452618860523
0.5707006218875348,-11.30430109749074,-1.2883779391488592,8.684693629332683,7.366115492236238
1.710683768737693,6.1412337673850494,-14.379406974398801,-1.112638033005967,5.8237026189128835
1.9747748028148004,2.365559288023945,-0.4483227079501253,14.663483570868818,5.52663778582284
2.0065089288192803,1.808111854456507,5.63988070222173,-5.259892226050115,-5.8700517564980075
-8.851044542089273,-6.428343976229389,4.331347426247728,-5.977195883489598,-4.879111303729383
3.1333914336966657,4.555232263449123,-2.4667270381958586,1.6722585211741692,-1.2007904828644236
-0.3136649832858063,-8.560238417037988,4.973371286979109,-6.328895253677683,-3.8641747374990896
5.41830255713797,0.8183277796491322,7.68569694194975,-5.030554344007867,-8.350736203148703
-4.5714379630839455,-4.862341300726682,-0.47316741895814296,-7.6423181875458255,-8.02388257335189
-4.253142257359479,-8.090433165718917,-5.897760749291289,3.579468041941038,5.971536265041211
7.85015621456386,5.906430334297548,6.3428764863073575,-6.6518782621938195,-10.93870863267519
-0.6567111614721899,-4.94992575509682,-0.37332354034479387,-9.106604106845724,1.0818518523526464
4.165767254456384,13.583056110209455,-11.343185446297076,0.8724983474485113,5.84598389001702
4.592058562056546,0.9497933455532408,-5.224531071092952,4.97495794988161,5.845788424064909
-4.065082986402635,-4.259748896965365,4.416487492212173,-13.389736193428725,3.690912932012363
13.441468132071405,-9.391624512607795,5.413417639852314,1.9850590205089542,6.195286254885467
8.451649115242152,1.497512925832909,8.286146657324121,-8.350360391259992,-6.463572166874595
2.697790142001936,-2.9643705191503953,-4.4041170871813,8.104998456574645,0.7361778303966662
5.136468310085475,13.692467062393465,-6.596043161918329,-1.5946198247688181,4.534232461724377
5.041853959162879,0.2605573614884434,7.375979890782933,-8.42450866321175,-5.9656687830638635
3.7033235756394047,12.183365565912396,-16.664046169645648,-1.8594415069453802,4.120570076251421
2.7261508962842784,5.3799142508263325,-7.827283601821585,11.994910586499207,5.429543729292226
5.1474682405646535,-7.978756866127188,4.325498801851172,4.401511490274485,2.3542331292270973
1.9289214945863324,0.9470672689788473,-2.97125499964089,7.112855917489579,1.1343956730150069
2.79613086892388,0.6627914905987601,11.159679585197775,2.097349072832719,-11.813104234324337
4.92737324981845,5.896651196478936,-0.5720655330638618,5.0411819032548175,5.641751202914163
7.317534734567484,-9.088134435310394,-3.9980156989474556,9.247640936800043,-0.00809614659222424
-0.9212629568831064,4.132195862787716,7.470749519805805,1.6674844223936647,3.6478114216245743
5.7830749357211335,0.40329322273389856,4.282625778503316,-3.549671713713708,-5.687847133001951
2.9198873534241656,-8.95360882767381,5.714918590774576,2.065484181843509,3.6216849234834703
3.8342516841380507,3.257525407576283,-1.7742550435765123,6.27566429029126,7.448598060401729
-9.01194891971284,-5.314597044498424,4.340772640764328,-9.12274130274804,4.830289524348123
1.5064128712898044,4.231813317374521,-0.3756613246156493,-1.011309243250242,-6.143391476535525
2.3904999021331443,9.737588957787082,-7.600162487707069,-1.97479556622718,3.405483915879989
6.681497294428928,4.549891862420056,-8.7352861006212,-1.2383891766976098,2.195439879723928
5.659283144740343,2.891547110996761,-3.1485873251540846,9.079467678030221,-0.9223629434476575
-7.210469008342923,-6.201369143443529,4.504005038580784,-6.903489240785943,2.4127257231533523
4.942311011547572,-6.431821799627294,-7.761759365126803,4.548230254571193,1.0514790375027454
3.43893750561713,-3.697493296335185,1.9421294364122268,4.404136431738396,1.707948704515629
-1.4283956797405435,-2.946795444278756,0.3081617516849179,-0.9640875288693085,-1.083532654084419
1.2309563097359533,-4.903831670219535,7.598140767102263,-6.582671181098631,6.43305515382109
11.892803287347537,4.07152621928731,11.418759526773101,-1.671322198924376,-7.597373031179858
-1.70295236870562,2.322352821884169,-2.330831112178905,-5.249926076954191,1.3288407888777187
-8.69793790135836,-6.5865695187420545,5.844957821338074,-10.615959044305388,-8.855913491597383
7.2716079862090615,8.896431274009093,-14.524256510435023,3.424033923527941,0.7978900175734793
7.612829020641626,-1.32264447144436,1.626695564419757,-7.969115522886643,-9.073841700791256
-6.329988134903035,-5.322290977490717,6.262188322282512,-8.557752108524934,-6.088690489523237
1.7516745469860904,8.980200800823564,-9.157340604881947,-3.469330256079888,5.8285667990993355
4.253466309415709,-5.819439817683255,5.51434293305107,1.9091455739400516,3.4716453512641614
-4.512042621119846,-9.80456182251393,6.468489663045594,-8.647929289690412,1.038876885069445
8.917583965840027,-9.982681790766486,1.8022272726881159,2.115480397922816,1.7342620274783922
5.888838028725195,0.12126291614887297,-5.085835588151198,5.67635996531234,7.407636362148567
3.2305043593312956,-7.60426635913303,1.6203490242058942,2.1577775714845826,-1.497871404602146
-5.268480643954785,-5.921991652448153,0.9157119700982239,-6.689394912578257,-5.130151609098014
2.8505106601002264,6.051936554378949,-11.267727455182271,9.703816670724226,11.332072626355506
-0.08754295290393488,8.569081682099702,0.1824084577129026,2.2736329276569984,2.3877771438394397
-8.204965771919664,-11.741783912420715,3.3480512480655333,-4.432302874874842,-10.20852436236689
5.932673691591968,-9.7349525473268,2.2232462617416777,4.870093463849895,0.0709898498005995
9.848493602459058,1.159323997930213,7.419245739513345,-1.7853279488894342,-10.395712852598491
9.161073311644241,-0.6708988171411243,8.534300892577491,-1.7220295162524892,-8.593566720463647
5.365905736553335,2.2174866276613,-3.2850055435027534,8.276752632029421,0.7906452829898192
4.543134843165091,-13.847602558274673,0.6361243746653851,6.577732078704861,2.202063457409582
-0.16482337986210283,2.9361833780689084,5.753621744517886,4.856579098020779,5.778836655570088
-0.5567684438882532,-6.261836308464021,3.406596628469477,4.790341562295024,-2.291538636191289
-1.1175410426337558,-10.690635680259838,7.771256574222682,-6.798907583217801,4.840773456279521
-5.238749610640927,-13.182008046400508,7.118568427023351,-11.788621834458997,0.8258650203797187
-7.166559151088536,-4.593628186799275,10.114122267413538,-4.511599213961556,-10.16300337597393
-8.475338756487924,-4.1968085893159035,4.858973828347625,-11.814747534980086,-10.854608868089166
-2.9131488990262966,-15.044281372521624,8.026698674482102,-6.451707960374986,0.7518063036104463
8.411735450221586,7.591800062021916,-7.231239081443898,7.318316717975339,9.372462989196404
3.161474482509727,2.736678128431385,-3.3064679923037534,5.021049263913562,3.370230035852203
5.904152419033443,5.936099826086918,-8.942131015127538,0.6903526449320921,7.569225347171996
4.645693208618221,-7.140997454636382,-1.3690597197992158,8.15466262902557,1.543762453548334
-1.207452081520266,-6.61573265291641,-2.6680240422894093,3.8936554509552486,-2.9176492586909433
0.790005191370533,7.95634898430772,-3.491858974873803,8.841216345051414,0.602829338613275
-3.1845538721955595,-5.729109021904881,8.019570566450986,-5.11381961467142,4.091275257426352
6.087903562175155,-13.704303566777238,4.613239710388643,2.9555722087132397,6.69573975368173
0.23611984603899305,4.892066628637622,-8.464825023582065,-1.2396392456315286,12.422645022821365
7.562289914894438,-6.830153558373723,1.226685282019071,5.244840488540785,2.4511361140386043
-2.1820586431384914,-10.052109857715458,4.44961407848972,-2.8531437481650004,-8.474839220914514
2.449311197805148,-7.000018898055661,-7.4120656699171885,4.789420493081716,0.01927827507369173
9.323355901851347,-3.924433578271649,9.906811163263065,0.7840218868627202,-4.4643867661111685
-7.816728146999128,-4.92490020690272,7.525023493664901,-11.623681266554076,-12.055708936894444
2.542536399391184,10.248580435403113,-12.64809416596118,-1.6069668986122632,6.888938848268763
1.77410875239217,1.8171283965182683,8.059384700774919,-5.655833375948133,-8.675289251997384
-0.12302701212063194,-3.99135323922431,-6.7734568883714825,4.093512755542006,-4.751813476835369
4.760723128602182,3.92754292754025,-6.32095198421104,8.396475389790547,7.12363963209439
1.5045277975176452,-5.625624153290031,1.957486531766044,-0.7643470880810561,-4.032872018045748
1.9320171766394116,5.66633258042828,-1.6668319242134566,1.9538953364123708,3.0193021607750037
0.1340470033074328,2.5746037991792483,-0.31259322039805126,-2.443778261856192,0.9495053758609062
0.6538326624306371,-0.22446352054469454,-2.5501085097452196,2.188460521048912,0.41798942030398556
1.6512788661465372,2.4398114099423283,12.516165228713575,-5.516184493141992,-10.337371270990289
-0.43712349466959655,-9.232534029732056,-3.0494059658476926,2.2073498562253984,1.3793945483009378
-4.577797360927473,-7.916949184562773,-3.3498169436105503,4.217411062773178,5.261869964328537
1.679272586804144,-2.8649278523013226,9.612613965036754,-5.183616953315213,-9.601417478450122
-10.556299298116265,-6.349433216168135,8.339289382258082,-4.26321606493635,-10.457671421158622
8.241988670365368,2.0629243636061685,-5.628659236975339,8.110462219109818,5.5294538876764285
4.204530479481145,1.8924147155901374,-6.840190818953418,9.301082359938084,9.613493133945799
4.031107259534247,9.643223914824773,-12.305053465665384,2.2042779697047425,6.0569775470351175
6.989944478973113,2.1529567454662497,-1.8768519380822442,8.506834958642916,0.5708697900512063
0.3918541157204669,4.869472199967031,-4.837852970980148,11.752039011587765,6.7368630221998895
4.531521705593824,9.28142303521833,-13.205842632355102,-4.8828099854924405,7.959857962647546
-0.4224272313530937,-9.297860564799757,-2.2181878590473176,4.775352420755173,-2.8315325095216273
8.682094086303207,-8.51414381179504,3.2949534006958743,4.540884038797004,0.4618530040871051
10.057548305527881,-0.37334225771769103,8.77900738172465,-4.910606994349401,-12.641254786653459
-9.717848815137545,-10.548807323528646,7.635265414750872,-6.295451881110699,-2.8508284726354427
1.3828605001482808,4.041916206783887,-7.638436104615654,13.221446987077641,8.347683846048792
-7.322154318515189,-5.467324861468133,7.13272048541798,-10.389391585146798,-8.41231152036439
-1.5346206613508793,7.2805894979712145,-6.320959299558162,1.3686670840349517,3.4768228575020363
-2.349967197600895,2.607544714807784,-0.9943824874480005,6.567661776697527,4.6823723693562425
-1.8268005700824004,10.119663657750225,-7.17949046911567,0.5580754924613367,6.45169068739909
6.37067420177012,-2.1820078435081616,-1.8519997629641392,6.837879639798076,-3.165257366491504
8.144873926664818,2.830156758147844,5.056801918960062,-1.5418875714709044,-6.5004342064266165
0.9229284250583012,10.331322602788125,-2.9396271634403908,-0.7225057859879289,10.761335271623011
-1.7791105207631572,-11.500375082935777,5.020103537670447,-5.176080879884125,-7.618705951271124
0.865925916813624,-4.070726197447582,6.565489424006889,-9.69540235534724,3.647774341826312
-3.0705995726435997,-9.407490308827393,4.773125972721844,-7.739797893012138,-0.6658541650646335
-4.018426055080041,6.2135210637368985,-2.1685911035560963,8.806378576164038,0.5746681050919209
3.8845390493938536,8.59059823017747,-11.060900099071137,-4.731894375343638,7.117382657067229
-0.5244966276119882,-6.1148942224871785,4.5008114973726,4.006473953353221,1.9625770668367923
4.587677851499249,4.94051816677229,-10.690882574642242,1.4796241393178122,3.6598588209816603
-1.3410050593770655,-4.360788575972487,-0.40795001090228444,6.253579152085099,4.680292102929586
3.4308748134525553,3.862301565844218,-6.416724173781855,4.278075253949073,-0.1396874213362871
7.1225214159860935,13.798403401991795,-6.466103561932723,-0.40271288177820963,7.78645707594383
-8.973458047609416,-7.19512541045177,6.408596364835624,-14.152190565921675,-9.813027818661762
3.0793832824009044,-9.006153060304591,2.685039434489323,4.4838517787400365,-3.4762965471717724
4.3266848946010725,-10.857595275183526,2.520415748232794,1.6048150418420875,-5.601934251317948
4.240463081492847,10.586184115042293,-7.638155512797925,-5.089574970990633,13.445861061810538
-5.8029761045402,4.041205439934477,-0.7276118605290944,0.16063862306883836,5.842699151571425
5.347671978578873,-1.0093974415372051,11.369926676290481,3.3233112122624817,-8.42957439901997
-0.6748007661234825,-15.287589608859694,-1.3903940594532727,4.860581015328073,0.44007486558802933
-2.595754037280833,-11.13320425122606,0.42707964828982625,3.5888394474470915,-3.628145678442472
-1.1379158978863213,1.2273573905538764,6.664382281765015,-5.608261561999875,-10.70309476234861
-3.011176433672251,0.14514878968921252,-2.9479267851401394,0.23476613187918272,6.907201635429279
1.7995960470107657,13.78959320534028,-7.4724682127612985,5.721262687045997,0.9225748415095829
2.976846837183979,4.278215216594459,-2.196870764825496,4.596271042586972,1.0541573454781454
4.012212616443855,-8.53653178680987,7.507336580505554,5.694095450065956,1.4251481304936489
-2.4856407587976372,-6.346504517446373,10.65967611707929,-6.075557596159854,-0.33966105235452115
-5.157961658382549,7.249565754850295,-1.7745559964891124,9.51570313072159,3.457609666770925
-4.726896052064365,-2.106960835148123,4.650430039748676,7.111459461913925,4.254425397077066
-5.962422274929466,-9.341978943913947,8.621530980773848,-8.62859698042253,6.054726016089724
3.0699636615025385,-0.4077828983378362,-5.642255567953112,10.72836443654863,4.576390031171506
-1.3831865985800955,-3.034845906903472,-6.580032946587766,-1.2556401496161715,-3.8909858104982398
-1.6113874912151314,-3.516236099841816,5.127237859825085,-6.126945727529664,2.444212909190502
4.299849909203375,2.3126343351412824,-5.455508603747689,4.948714675254409,4.182554243136072
4.859668330021076,3.44890221789188,11.773495442054907,-7.017211831951914,-6.390097985996739
6.170770778431158,6.946719515074886,9.860541690362162,-5.508912144579811,-8.624313639870392
0.19412972989523603,5.263645844709821,-6.229348497269138,10.712952271808863,10.152653377448292
-1.950402716160546,-8.98493252870739,4.459231786533372,-7.576796166724545,-7.266026196066721
4.080075447579716,-8.121873198280715,2.841908886887817,6.613431046634487,-2.079226957176907
-2.4352252243944204,12.628426347198072,-13.254535181465094,-3.4576061796078292,6.0509059147813975
-1.0572154990554954,6.57922046408445,0.7545382447579567,3.8581136681842625,1.4473223871855185
0.22501395885415898,-8.57704392165559,-4.2357681171017925,4.402612900607601,-1.9226385600770914
-5.17555175455465,6.414412046947189,-3.2840447263157055,-0.8447030163534444,0.6225009964490418
2.6545924148325155,0.10340062117051874,3.843109107511146,2.1388477210419308,-5.164643055042525
2.707672403163386,-13.832220645060131,2.9570896322915012,5.557479482390736,1.5998455029872831
-7.234978042858792,-6.0260925312498275,11.11774682689189,-5.082150284401445,0.1462935686736344
-0.19552598726596626,-10.56046468995942,-7.259124818034711,4.561797455284593,3.2792269674648793
-2.4031270927374133,-1.6691881800415977,5.96790961472766,4.873924827870063,2.819727841866399
-3.6215775002891477,-1.1719582064100873,-5.55838094277179,2.198432410972496,10.862075187382256
-6.984363172321022,0.30006030220757296,8.691696393341958,-11.394750492698591,1.9576932363305621
10.940200331894541,-0.3737540812080744,11.512990158349425,-2.557167719153175,-10.973612724670943
-6.428344264676785,-4.886629348311377,6.562689290764574,-7.546090144673228,-15.53582974118978
8.093089137276664,-5.74793822893048,7.424025412975375,-7.39352034378663,-8.764568994036383
6.419934465145332,8.510786025138136,-11.209364377715104,-2.67464648815523,10.543891183011608
-0.9227598875451326,6.262432807169471,-5.503001281497144,5.188376516358819,6.970799197482305
-3.04556873329161,6.367031553363539,-7.425137138506793,10.237563035490231,7.486337112418728
2.6435922010773676,9.218858797960348,-11.976239481225605,-1.3449447595251847,6.451334456711331
-5.215855719565926,-6.349791588235597,6.409377226102693,-11.436914669739645,1.8988108829439059
-6.958826383301815,-1.9284450263100892,6.574717739034308,-1.8821234388423527,-4.644663504983917
-0.3737681953418128,2.962362278614159,-0.6910654423272492,2.0792145053591016,0.19735137582920803
-4.6859136387847915,-5.6599762780346605,5.133038978884823,-9.990809929801841,-7.328485349702194
5.713702575548074,-8.2378958207305,1.8149586755465457,2.3878027525812056,-2.2553342702594144
-4.998771182088213,-12.187574285292106,6.439694220566651,-8.459942753591582,-9.117330712922541
-9.880435352692626,-6.986218767510821,1.3438068104718095,-6.94286321733943,-3.753503728596593
-9.825783993811715,-5.783794089272208,5.607118692367172,-3.778887276017887,-7.5605213979119235
-3.1228433447182584,-7.155989942102256,2.3086359751443712,-10.240790990112128,-14.257129294371728
-5.2517353428019184,-0.7783080735915124,-0.06620318768465738,6.019920170876879,3.034713758854243
2.8261143635142236,1.5568670036721617,-11.215816206915965,-2.7942068704594476,9.735727334006544
9.767909667339586,-10.447849253763712,-1.4049670207924905,4.831953675083974,-1.4722217743442632
-5.418282509495992,5.772396001614534,-2.9780106572344898,3.14384934876346,2.1411021953500433
5.265629360165626,-6.2815524033789965,3.789332334742234,2.325694689491,3.4442949611444993
-0.09606905772379704,-8.356814570016855,-3.5597380346510947,7.488661079964267,4.112551133034955
-3.3942538767702786,-3.650134868805871,0.9304877165427943,-5.079374875362846,-10.754584915866293
-4.338217771676895,-5.325741397895131,13.07039823787757,-11.2416140330068,0.999629431075135
5.169991148738326,-8.25383727182243,-2.783419495762106,5.842989558770088,0.21537876446937432
9.579360479746708,2.830414422968348,14.671334606878847,-0.9880096723401239,-6.837069089090541
9.927884237109277,0.416682999713254,12.676040619793183,-3.20775805645597,-4.1563810905248335
-11.021590825533643,-2.7105987544672328,6.855146783486768,-10.072944756179412,-7.004057527541148
-3.5105355015353052,-14.375464413613866,11.447726429305193,-8.0878324886102,2.827238337211626
-4.659791721369533,-11.211161274031165,8.246962076532427,-2.1970045221526924,4.2598582066183495
-7.637516272780616,-3.70261986348111,4.651363268109463,5.138515842146143,-2.9987322730747015
5.3394969423279495,8.09440203958171,-4.491260223920779,2.7279454723423955,8.482882832887046
0.09508773525114456,-8.996841340991066,-4.471621150508172,0.6200366951171454,-1.088165793445759
8.066474036580562,6.1362651681926295,-9.454997590597984,3.6183444627914536,6.633039349004901
-4.6188503855882725,-4.103439279808644,6.6407041240530855,-11.835703722696069,3.5703681676594203
6.909150704471047,9.77395131892352,-9.850765021640843,0.8979326749679044,2.617260980132558
0.7139944562442474,-6.2770326929861415,-2.9551917329765036,3.68174831889197,-0.11409019741286208
3.881683097921164,-14.718174604274763,4.5098566360211585,8.276465772812223,1.663197825210163
5.881386493835557,0.2835539295280881,11.499537929777818,-3.563965620133712,-9.496853571314961
4.4879265933236505,-10.631606767464449,1.3558859898654652,5.399390154965532,0.7892882063377417
-1.9101929591666895,-6.064607435214439,-6.646393514744147,3.3668304173204495,-5.060493605574587
-1.1809484592773947,-10.288834761285905,7.0944533306058855,-7.635891689496658,-0.7817180884563486
3.9420060056156823,-4.4873419607196965,-3.0245101124332647,7.299013431999401,-1.133839319934645
-4.965016236369988,-9.741777717487949,8.046588819763771,-7.3921023590817905,-1.6945975110847868
-2.0111669744476703,2.35645582198736,0.5898176923920783,-0.8668587910415626,1.1891360153068642
-2.838447706007603,-5.431900658593266,-5.90414009996364,6.506850525243837,-6.14263031052607
7.389933649289955,-0.7243509818290763,10.885560428744132,-3.1275544254568253,-5.8822900825669
-1.8142133897367843,-8.497003513325787,9.37035453976717,-6.120838988560591,3.6633060676458586
-2.0546138423181555,-9.019630112547127,8.796382633073744,-13.046171095702686,4.736899191640036
6.855909428278646,-2.716600177633109,11.094534631291225,-0.7209814260557268,-12.180194420867203
0.8829287094855416,-0.23281060109091634,-1.3947370188490904,1.3541918367060248,3.282459567568932
8.01996828171577,-15.878336632633205,3.1838487829512783,2.702588693719478,2.8735714945053856
3.3270645136028407,-9.938458663921956,-6.433962764085682,-0.8999409804916585,-3.5692414692831296
3.4493609403291674,-5.26719982731761,6.8194045734957,7.740038944315926,-1.7485214192807423
2.832284860033355,-7.186283549747983,-5.004595259020288,5.02682063634188,-4.418239881054014
5.514615247649092,-9.099522654362707,1.4401938932281402,7.768584554762395,1.5849461910553249
-4.3964190554927765,-3.3244209410340675,7.497551288254906,-8.662455705729554,-4.099733334846286
1.897268855909596,-7.537685849639036,4.990180460362115,-9.01790691172219,2.507597652539571
2.5170461509466944,-12.23807203285126,1.1851940775764387,6.528571298600379,-0.22919623323240756
-5.873100255344381,-7.4656781074152,7.587183502065755,-3.470091854432268,-12.730691462707806
3.036762562404135,-6.908763760896007,-5.1127094128654464,1.4257550404873722,-7.472678111363196
2.4383309570047054,9.011168994362379,-9.72760002362434,-1.4783169481547427,3.781923281228483
-0.4731205796553277,-1.841920830839939,-3.1011788337593305,1.9916038248565453,2.5186247393816488
-2.889261506323783,7.056980521691482,-4.44336278521378,8.07899386938112,11.391970216958994
9.761614448359522,0.28482992296705134,7.467715699225061,-6.203873843039949,-0.9351858846517285
0.5518860032513135,-8.632409014963553,7.892816973253916,-9.145662644909182,6.569333026010967
4.0257050007296655,-10.122020115411086,5.447207602061274,5.681811945758958,-1.4956845205943066
-0.5556179088887552,-4.370276085121981,-0.594673627217341,1.7220446299670802,6.025276939184346
-8.685073671791848,-7.6852883854327345,8.036297985751196,-9.150810695470021,-9.978020717216761
2.2853712179496903,3.2131929463433253,-9.359464955008075,9.284302692955832,3.089544324067048
1.9221648316999334,9.543711372281964,-2.154216484511476,7.342495946664967,4.320198691696282
3.6211866015690983,-5.621411210549546,-3.5962942853154245,2.7228100767235555,-1.4697301850589155
5.70271283219115,7.588197767918516,-5.435899258829119,4.3661006276194865,5.93938786585199
-4.324784768205474,0.7702473848411655,-1.154858542481103,5.908160154162044,0.028893435162796077
-2.066706141367277,5.9719911868659,0.7752834603468459,8.287086940148459,3.8253503866768206
-1.6331873471453804,6.1312826969163225,-9.091825255744972,-5.262772534983921,6.858235007055027
-1.2787413975544273,-5.671494612330326,0.559266821532729,3.7972516871699544,-2.7522623396674435
1.6359222748207278,-13.305706909248652,-0.48638322186514804,1.5794844376790151,-2.762697921369281
5.006307714231884,-3.4987185515474435,5.091326218034453,-0.7555751472239569,-5.339389190546126
-2.5462454404789496,0.28688526077309273,-0.5248977082930006,4.371076923446951,-1.5754216728266828
3.678031009827246,-12.312317280466972,-0.8205957650530649,1.475849570929085,2.487418872760413
-0.8592012339969402,5.0023058599626555,-1.8937989941230655,5.819229418594922,4.785985534293835
-8.692187252191005,-9.114168814803147,6.469456315895121,-7.563780107496198,-14.865466951677996
9.51338181589983,0.5191282145207109,5.439265320946631,-8.733587871685117,-6.939232551292809
3.803854651899732,-8.986934229666701,-2.750571533021547,2.1333904543767996,3.156652058463859
-3.368382959449854,-8.749646822381582,7.649755674634813,-14.570284619241775,-4.911999020374939
-6.982656147849341,-1.6422046346764292,9.989507115983132,-6.468406173261135,-5.170257932306173
2.2361686217732992,4.199622945302044,-2.2751375008749797,5.594282677128182,6.437255519926136
5.5373439866003515,1.8955371734720758,-8.431264545940916,8.817405939554485,7.8459316580484
4.574102120884133,2.5604074275740265,-3.975310317816776,8.112374443264596,7.72641475254109
5.873294968265584,-8.639627508146969,0.9482117063681699,3.895564247483879,1.278696135650026
-9.868804764996717,-9.580158670597807,7.84606484933489,-2.7563278279425614,0.6072104413039914
5.882195127902541,-10.49756152334702,-0.8635984089648439,4.528679530955221,-0.7051503049819934
-1.169551750940495,-10.786014823918382,12.370995877005955,-9.717214427821768,1.980285892215731
-1.3303281464242156,2.899429562314052,2.616116211698366,2.3749920613026743,2.7925801602312412
-7.265855566820338,-1.5028811550953938,7.47534838590839,-10.556651587250645,-8.068871510712642
-1.5553574607571932,-10.428643879470972,0.7469773550530849,-10.263083844227655,2.3001689601097945
-4.911561111458025,10.263814646750632,-3.0173236118889974,7.535074140389378,3.0382106656893795
-9.788029621054196,-5.451062739026947,8.685221813926956,-5.89972447481776,-11.854615625463182
5.1830463138840805,-11.172849255810435,5.811513268950301,0.7204095631020522,-1.1173573034151134
-9.184276822039639,-9.964422538224099,6.754379354159745,-7.807382539105158,-1.0134979318031703
1.8619831724705782,2.668000676330424,-7.680806736597583,-1.660435426006615,5.552053921350696
-6.2837206043198,-9.528534487778535,0.9394316883447997,-11.379268020689322,3.1677817705249245
8.182541127266402,1.2367746648901785,11.140115578126577,-5.558050276060543,-5.484636345719888
3.7601915475731786,-1.252191528096953,13.304282258979256,1.461471137723123,-14.519906518254576
5.79378391428088,5.30331965161352,7.290012916426977,-3.240010110509638,-6.91185717750416
-5.7369021771755175,-11.574721803524449,6.706231443897849,-7.314388152497216,-12.516212801540252
9.576109553941475,-8.54626166675842,5.740513020227917,5.4765084518314335,4.940290119486685
-2.8529520898860357,5.577308802832061,-1.3655712644091276,5.338246334306724,6.42859483037239
0.6056464530044092,5.310827182524813,-2.231676284149926,0.6233916073940509,6.909539891055311
1.5531283127597522,-7.433251271269607,1.9080359314299162,6.8214183252994385,-4.757438684134695
-0.8268635332368035,-5.158416491848623,0.907752092421164,-1.1580074758324344,2.6890637478575856
-0.8013971591711129,-6.69555329561478,-2.131247678622312,5.454553620329722,-4.985777457710662
-7.208597957710691,-4.803340272061013,1.5644951828502967,-9.583517165591685,0.531845459993727
5.529675462717253,8.637404148507756,0.2932951242640778,11.894613908916746,0.06329871651163277
3.5743474180724264,-0.35711944161888276,4.8265598300863655,-5.098998339026979,-7.23967825621261
4.80243353239876,1.4626031902396055,9.353174427828366,-2.203889008382858,-10.255021601412656
-3.7942664623250906,-4.211111481563628,3.5056687333820005,-3.59019514977234,-11.709356697768596
4.789973879373525,-7.990544512380318,11.776980034136034,-9.042518997136563,6.1979710696508095
-4.493151486910524,-7.638052991309274,1.0058822152435472,-4.450270065395632,-7.882572448092578
5.135259210145038,0.21733238895646095,5.101131041541183,-7.363214852244624,-16.5776578355131
0.31265350600134667,-9.276378083661164,5.488178059451387,-10.905593347110388,2.2964263194808088
-0.6023447837526676,-6.022227999867383,-3.166751283030501,3.913056103896376,-1.3730795247332557
1.748904923120755,-10.250340422010451,6.692743628398168,5.064006783601745,5.926297484319975
7.405327060593332,0.013105738161606595,14.932060648625232,0.2925749182404487,-9.467463392837214
-4.8432256461731935,-8.029852546434077,7.09302371368297,-11.266254878721025,-1.055090358523108
-0.8653462425617071,1.206551465902977,-2.0843236997570918,6.178966371795462,5.631020903149218
-2.8821255037245876,-6.8632169451439635,-7.51779736347654,1.504503785207362,-6.069899846162341
-4.011245463239906,-9.429890854967992,8.508045379405646,-8.278319702798559,3.834020772625812
1.431021459991884,9.80385904794225,-11.022378664860643,-0.6189080886773763,8.79244400325971
1.0827231391869772,-8.146674060387753,5.028815568907832,-5.966098618678936,-12.808306586832845
-6.904942794171411,-8.721177014405992,-4.7423929129251,-3.931944518159078,-4.634315523935829
-4.1284410520027945,-4.17594158582119,-3.6056993161770823,-9.356728712710355,1.1704594329692788
1.624729536096563,5.045220013123892,-6.801100800260238,-1.228073294028292,6.343642497836975
-0.07569150641817046,-10.57105667859651,5.679166269838919,-8.029551084419476,2.9265730584863623
-3.8046617260496687,-6.823604573349964,9.005698361443718,-8.129863546210707,8.918948258356238
-0.8203734909703544,-4.958399416618985,0.5882457765789013,7.599387621919541,-5.5403401784038735
7.953087080482886,-8.974218620829534,9.857075693179114,7.728454463303525,-0.36667716753067114
-5.412846793554003,-14.04108364114575,3.4668166786500754,-9.588100043566685,-0.12929654206186214
-7.098326962146461,-5.109456033658292,6.906772990750561,-4.669445162295514,-12.215971196773367
3.3006248739660156,11.264089724541764,-5.100547183735926,0.6918998026405303,4.473884471453834
-2.3276160242494766,-4.023519904074895,5.7360327427194235,-9.528573065457024,-4.689148221154622
-4.168004098188431,0.007037488426000049,-0.32454140364420825,4.379233238931265,-0.6920141975616039
2.4889676795760147,4.870112522969044,-8.110941221143788,2.544723228162163,7.337839272418751
8.743138273809116,-15.63811697083522,4.294586837829298,0.649181002928378,-4.856410842462541
-5.175767322035407,-5.392908899749716,10.371774854888674,-6.169516492565686,-6.824127765375565
0.7289297247169886,-2.0692934581252356,-2.2152888820799825,12.13834139896762,7.723373904890343
0.94085070241766,-10.08428631672793,0.5325068777879345,5.379533424550908,0.3879631835638857
-9.182633752306884,-6.210684750682848,6.61302196207631,-8.383702998709866,1.1391507441890272
7.624590176014671,-10.548029226525484,4.175649599326225,6.535904584446977,-4.1634872416638595
-3.2240589049379107,-9.133948611446167,9.033929219558773,-7.433297288872909,5.684413463550314
3.9762029698841355,0.09962051390775839,6.411471129945525,-1.1543786246317778,-15.851693690842877
2.3996919194894386,0.39730668008624637,-4.537940927831347,0.233792650383986,2.058715897469378
2.771251886283777,-5.039315229396734,7.517453781243704,-4.894861104027562,-4.931589789145363
-4.627864647937915,-9.757594885734743,7.851204139153497,-4.463591452744441,-1.499813159695882
0.9920426536836568,8.247076287214234,-8.891647487313387,10.367173471990913,7.315661425413849
1.905571660391434,4.587067141664809,-1.7318592247067777,11.917726349747408,-1.0628902181972268
5.095164308978817,2.933481483298582,8.282723955506459,-1.8759154661595532,-13.556022541313853
-4.0941516687184984,-8.273092108790769,7.818750227957171,-10.445047111784813,2.0874259511747053
-3.2314258542519148,-10.171187782175803,2.7834979823111503,-11.052396096727291,5.9573496406634545
-5.505887917201514,-9.947612613021347,4.065657116855467,-10.862221791032361,3.5412456350723973
-0.9531473501300463,-6.341124923458253,5.082864873969715,-9.055795027973566,0.5408091036564739
1.1025114745604299,0.8156835974739658,1.7606747540847234,2.944465806457704,-4.17779270097876
-2.8128852744819564,2.5261472254562594,-2.5096074995609845,6.543903717873064,1.2843316682361823
3.4032132758327034,6.229738424119007,-13.072697513984187,-2.775093639338026,-0.8930671880032222
-4.632398331647947,-3.1635955337265473,6.503166002019947,0.3425916422944426,-1.310507048147028
-0.20407969663711434,3.6357085775244014,8.05367638050563,-7.795597639241932,-6.517275984850098
5.061025129680983,3.05885823209671,-4.181208604982513,7.898295979064782,3.49849710588193
-1.2232986000474262,5.990406446630216,-6.170338453455214,8.08783440782407,3.6904347853836876
7.781702362512508,-11.048134263653491,-0.34462989597894733,5.958803747487936,1.7072855965943894
6.5596721232309445,-4.741737090375575,-0.6963474071476412,3.8098938102078024,0.9671900946463592
-1.4857727101555707,-5.0752633434711445,2.62852830811839,-3.796466309804986,1.734750065393401
6.616590844609816,-11.313311595435605,7.137619874759554,5.396818251187459,3.535090508005741
6.9392272966753,-7.172158939736752,-0.41885994015197703,0.9029849706557851,-0.8293653490381045
-2.36106452367824,0.7714416271869053,3.3094902214216653,6.625271398988086,8.678744660872653
5.228869322201316,-15.980097338256781,2.5264731645092486,6.156101302017456,0.6219356814059277
2.4226590194000277,-3.926929592703341,-6.014111028442931,6.270482584019081,-9.368729701615367
-5.943681735132718,8.228786388028727,-1.5911363144577364,-1.1001030119082458,1.8179623373627214
3.655853273273251,-18.032964664265002,3.0015979774808783,5.404085531523178,-2.3819664358536157
4.2424933320205955,-0.7830768002359989,4.170601029268255,-2.3019291713340175,-9.448368700692372
2.6118145841443035,3.2471290737539,1.5035588298206597,1.9335109958026337,2.211962171632645
10.28205967167776,2.051404351357461,10.592073592606667,-4.90722584097109,-7.763037288918277
4.946643531254519,2.082476345671174,-5.388754004357571,6.358142273107441,7.478227530156309
0.36348234713084504,8.528386820762037,0.01745123845609442,2.6727465036808766,9.782781666384595
0.6442250052589908,-5.758068914819837,-0.23859793236024185,2.9221128284920406,-2.991649500494483
6.5856191820394105,8.39755726262364,2.4392701415454807,8.806269505222714,-0.9763917756433624
3.087641658189452,4.902480079435957,-7.10404922365304,-0.5797030385721618,3.1141591634577432
0.16437016068672783,-9.216236881307726,-4.205169222817279,1.4520739134310974,3.4540926366149067
-2.488440885936766,-12.768464811651254,8.10289952205125,-12.2282306666341,1.8693199501770268
3.567861773371789,4.239365814427363,-9.209897811157717,0.9531780747971248,7.3301856955869855
-0.9869973884482788,-0.3487461262194036,2.3873115830075595,2.0475486402505374,3.6780100530693716
0.7725172208550104,-15.302022668174613,-3.753516538358726,3.9132713558830132,4.007362885643774
-0.8266533308480901,2.1050600270454995,-0.4131620504448925,-1.6298517232987537,2.3098330285783275
3.7473231653252497,-4.626243354683572,-4.23155067560298,3.0868246243328596,-0.5221455836841263
0.0889278230619055,-2.6307783353982668,-6.099946092631482,5.988177580728708,-1.4075213570537823
2.2060425544000344,-5.650508983992735,-2.7118376545725815,4.318499772821111,-1.6158131656903993
7.378571634057482,0.6048928602300099,-4.351246722831513,10.822471107836117,4.376735337613736
1.0938903216242046,-6.862459299083625,7.26497393184292,-4.800659625298713,6.742641964386875
-8.73263999162428,-9.099531251522134,11.865427228002632,-6.936137065272764,-3.5234211975534215
2.0682433278538865,3.4600623889885904,-11.991724207291764,1.9248089174974026,7.824059325875935
6.141713412255738,7.168882211545659,-9.269750065579139,1.122068497620541,5.706359407650676
12.38379481821736,-8.658957993248588,5.350656793071995,5.009145741099631,2.910362630057757
6.1828870037423895,1.3752835093772042,7.89762131974244,-4.93637045073851,-8.445063237052736
-4.277258489189475,-5.014382798835353,11.0921641966785,-3.4723544860358215,-5.424938927614296
4.701642213584575,-3.668696484449531,6.748476019105938,-2.6325386453435113,-6.573608349754771
4.240694985674106,-13.229543487316613,0.2759285848488746,8.943044262256223,-5.965318547228662
6.224373810165158,-2.380099756941151,8.006802996070004,-8.810889587181864,-10.65748986083296
-5.0553738739418135,-7.692770409005062,5.014107007340448,-7.092133457655465,-9.602149254003153
8.947380134229363,-4.662022595739703,3.227561860835257,-0.9342575158872997,-1.7548726532295156
6.915276331730222,1.1802351703983482,6.247067854958791,-5.776920852087226,-5.175973476975969
6.380594773728233,4.1061680350166965,4.970120953560396,-4.433744940045705,-6.385035526430599
12.029312178260282,-6.93185820233434,-1.4875029053079158,6.937064593761991,-6.559685657907195
2.885364106200358,-3.87804888791596,3.511780875065541,6.8368411553126425,-3.23556287935184
0.5297013483812449,1.0847951052232836,9.223631721746159,-5.190913756831052,-5.567169039334442
-1.9896965666011646,-7.349961925718523,-7.042774131307065,6.405271362446595,-3.3256677665659655
0.7099599187112822,4.156527641424812,-3.166104633463962,8.78518593029437,1.9630864626127118
0.6667575827913739,-10.789379470927132,6.699502551290583,6.183484931237579,-1.148144003258793
0.31835756392886594,-4.770966814477424,-1.89915970251458,0.8817305338420276,-7.891957185499699
-3.267350918212032,6.839772686054049,-0.3448194957841205,-0.5060270538802802,4.666288753010017
7.2953938398175975,0.2887122680471226,5.424729619715879,-2.1834739835588257,-6.704878803222986
-8.943662716762036,-9.214238167957259,9.341009269648108,-9.66833104641803,-6.776404405353625
9.432320208151552,8.826289478396456,-12.535173122096174,-2.6596257001561576,1.557913005534636
-5.51598344856458,-10.479972530146274,11.706401711076388,-9.989523741875924,-14.069752796352144
4.604349386816552,-0.4527425184787822,11.236585591560477,-3.1196104210401905,-6.653841403597556
-0.8833187193347216,2.976144924075099,-4.321826818852217,8.780155042738851,4.113819975815125
-0.534899582823587,-11.507457890374065,1.2287810436392441,2.543342218892009,-0.356480389837492
3.3013247600317177,3.2569990895697893,-4.960788881376411,3.234637057626456,4.194939782895915
3.466901286981642,-9.216923353475615,-0.16798106272225333,0.35225980376832533,2.7686878814586375
5.139985369792843,-14.62629876983141,4.703089285008447,5.158261121408433,-0.09898331906793531
2.84303323847017,6.524139523870897,-12.404752003560542,5.143665723577598,5.895529071742199
0.7923182304489638,0.07669260345131845,3.7979374137165873,-1.5683061928110678,-7.034063625435531
4.8605014259759525,-1.385803451933122,7.177370196193953,-6.946826948690937,-8.466119206759947
0.851707217534849,-6.827641116435657,2.200450412921959,-11.171171944262671,-13.999188427338211
-3.3252134784107485,4.75873747090246,1.7178909369927844,1.159543465780419,-1.8598072913386052
1.6416436483357213,-10.242741804820966,3.264781370062087,4.210236288639382,0.04756302057133202
-1.5322328780130514,0.1392514820503985,-2.2504790321839483,0.400407857986508,2.7329817828774496
5.312659219295817,-12.599110070390257,4.447323958416475,5.65952974230786,0.7176762197108146
-5.905468356723119,-6.218055343926834,6.0898013719287825,-10.850277549726979,-4.470430493433613
1.8392292087478075,4.619811500640474,-5.162595358840007,12.566921035585448,4.6285007593786425
3.232971956224352,-8.835617112829539,-2.9982844033066773,2.677282139020786,0.5974320950966581
3.589512084066379,5.505535516038636,-5.475214028919546,4.932777292951052,1.4556598612268523
3.1606211383223406,-10.614738586327842,-1.6763296690831833,4.409383314539829,3.369062446849255
3.976393432501235,2.583699478859174,0.9927832233495435,9.516705768220575,0.8541883500730201
12.995134912517921,2.348075635021886,7.72592098452891,-2.9949467073372222,-3.4197103207781714
9.574025325499118,-11.541745088438406,6.941524734278124,0.5995445218458659,1.4030870788436864
1.7658874203877521,-9.190880574264494,-0.8355885913084304,2.9393873670300383,5.99492292048985
-3.6339018554172564,-2.442937212332013,4.284271802586127,-3.7072793021343577,-6.880065076279694
5.162321572127272,-11.08070729206193,-5.8960506445586365,-1.1129232765490285,-3.4488822263182874
3.064606086593359,-8.70613883831607,1.2605429440689562,12.189054468584285,-2.247929969474207
-9.992404000894506,-11.00710228694973,9.381155831289302,-8.859371329982993,1.556938073557078
6.410600709204425,8.746302684007219,-13.901159219905495,0.6349804390141407,5.571277498263459
4.847169699207117,5.705401225468774,-5.307698174031294,9.744402498996061,8.074722879894965
-4.247866373225259,4.4972039957317325,-4.934169196219442,9.823058492696184,1.000655060007269
6.664011012319651,-11.427875551824577,5.184210024643917,3.105220625938789,-1.1194183582296984
-4.820983835468503,-4.587910859871027,9.201864804706066,-11.596939989802422,-0.922880857150596
-0.7702307281024399,4.622084347703867,-4.733228780541073,9.630290885418232,3.7757899656435914
4.709363200117167e-05,6.175669104495971,0.9195383490345634,5.713950077921112,-1.1710528945534922
-0.2150440477501938,2.677756214603098,-5.7073976508311794,-0.33155852228688865,0.5082235316144592
3.8618658300890183,5.747677319516453,-6.86523695475914,-4.75572142753427,4.350522450018257
3.9488904751210825,-11.839822335579285,-2.092177749340392,3.5698855109171888,-4.32321515614915
-2.71782536877143,3.245899766900386,2.860637064802667,6.768047934558169,-0.40272700280588936
-3.35049607474442,-2.800080408282179,0.09954307114346861,8.950255404838,-4.066477114505
7.160975074173687,1.7540500737658844,-2.0128576658904542,9.014624774625574,4.716964711643469
-4.862744246143023,1.9702425926453657,4.108751723603315,5.252863818783441,0.26289983336783873
-6.636021334676182,-2.1545556867137834,9.73873311961693,-3.3077894952491738,-10.009259880590195
2.8985117278854657,7.988718242783186,-3.9462720195036494,14.32714954313716,7.452094720170906
6.222336093071359,10.304599280292324,-11.08240517289952,1.8077738322247028,1.578126058777829
-0.16632346695096478,15.262588471026216,-4.819904569317133,5.847268725407886,2.3237375624302237
-3.561351599967335,-5.8909843655609135,4.36829529398768,-19.1791146466863,3.7867660737323963
-0.021236466734818826,-5.340353665588456,6.108140429444857,-1.7544901009167013,-10.742106544257929
3.326588101380933,4.825018277338406,-1.3746792654662805,9.401019604551818,2.4366075771030693
4.406566999331863,-7.3734240694501025,6.28167346530608,7.887756230778836,2.081776408561781
3.495419394871438,11.476419690321897,-10.825927377605069,-1.4298583532998461,2.5619934800140616
3.056158312731221,13.304338327621878,-8.530175481629291,-3.694797378930494,6.984035662061327
-5.660747638218802,-6.022872820974437,2.3386961759187965,-11.116108028167844,4.790899111675583
-10.093331222363691,-11.906872505814047,0.22909010686631692,-10.317904254090209,2.6486947472734226
-5.10531349220444,-4.778170488976874,6.2619432626498615,0.726231142756049,-10.584529710836819
4.715400311764476,-9.413105562343915,0.5517503573240163,6.61607216337584,2.7976414728722294
-2.2207896406493557,7.5374783505173895,-1.3824507487467477,3.848608252574503,2.3289250923425855
-3.9411554638027466,-6.129841091001591,10.920440907452326,-11.340460615402247,1.554803353022519
0.7428553663681554,8.185930491289342,-9.08091731957887,-1.226102474202958,0.14669868196773805
2.990864340106768,2.9760184014213085,-4.495144047926695,4.868146666856564,3.7032902587292083
-4.025111475042596,-6.7070409163141695,6.89623163888308,-5.6036052346136405,-4.92158500679084
-3.313676207977352,-8.390520031818667,-3.7925336419802624,8.900701281723117,-0.029470683130614628
-1.1455072043740946,7.416386277460892,1.713387882069148,3.2697953648758507,7.3082733625269425
4.712632403008241,-5.4267877789383325,8.127959105429902,-4.925365707190357,-9.039637785769614
1.1536772915713884,-12.363733314595361,4.628140241030848,-8.894645173171185,0.960109141073576
-3.5700494429018432,-0.6292745229285237,-0.5055517729403514,3.5666728385876136,2.179835405882699
-1.7464096997730412,-7.569794478894853,-3.80278934987962,-1.1397926140802044,0.004221292753449513
4.5377475052139715,3.0512042994506734,-5.5726162376455655,8.824482383191553,0.3250132418837639
4.42495248276919,-11.84516690920109,1.733909230653869,5.3911301736982615,-4.950149324514115
5.974355001042069,-13.394419788220619,3.6431344876905034,7.633402223586928,0.7633243209439448
4.912534472579796,-8.197804360640557,-0.986601902875746,5.5537961683428945,1.27649141158555
2.725583450102489,13.430090780464287,-3.3957755631423208,1.7697168102075775,8.878440006427331
1.1579280296289984,0.3575088668047668,-5.411963246736975,1.9550338253308013,-3.816415909962952
-3.991084850243792,-8.71154744666127,4.500783704941819,-10.19156755952161,1.7657215107535957
-1.8191910642986722,4.5871517554987555,-5.24112235568543,9.469564912671657,5.264705207800331
-0.8620348377740363,0.13374778870514126,0.20951095308251316,4.017349784479103,6.872096193374256
6.256167126773878,-6.490642095935498,5.342133106147378,-0.9631996730686367,-3.449094619054874
-3.771053610852725,1.8050888465101456,6.9673130563902825,-1.79981718650905,-2.508317030255262
3.18898427255502,2.284007142251168,-6.295245993440788,1.037252827966241,3.436991639260323
-6.619631725854352,3.500455771723956,-3.5769943183887514,-1.5866846016437428,-0.35154430265084935
2.193809120108449,4.373514084478424,4.652333837082221,-0.3835746254857537,-14.008052970418879
-1.8823736935922977,-5.850562784458169,6.7256170835567675,-7.862922735905733,-4.1176128770789635
3.4852124360506727,1.719539563261835,16.19820909579032,-3.1017222179974917,-2.3367336243449834
-8.466492187398705,-14.468245470625993,12.100067152170958,-4.844190427227931,7.343864878691512
-1.1551941695127546,2.292615087051972,-0.01521704637039345,2.8813720950765114,-0.266604510234818
-4.213072878077832,-6.539469809068381,-1.1900343115797887,1.9697607452741877,0.0875578507947039
-1.5871557220003902,-4.691551096224247,-1.751011861838452,2.2557291274855595,-0.6714620177647577
8.121600938661038,-4.907657169555739,5.5210694652872565,-10.244133454368232,-6.4331691229127905
4.2036568324008545,-4.7411440592704714,1.3689149282103616,4.18871479042051,0.8912987803316286
6.555884064827161,11.388616669975852,-10.184352911928997,5.996667189317584,4.166058795752809
-1.2308515932369186,-5.510135181163948,-5.654078435703666,3.0023842327544727,-0.492738403017586
4.339871523908199,-10.281507780644242,1.1677779997409063,8.362433110101868,-2.123289845363335
-2.374010487917287,6.716719447678608,-11.25694190589765,-7.045927077783726,8.274837786165554
6.742856592407299,10.127445604631585,-9.416044183456286,1.6510811645563743,0.9001863617887533
-0.735632316828708,2.992639668534631,-0.037934498132178085,7.0536929129389065,11.288441840398267
-5.473745608520618,-9.379924965967327,3.215138296230559,-10.043177356801646,5.6678715834035085
6.5803487980562325,-1.8063044747219452,8.042651329730012,-1.604331851433698,-11.562336783809386
7.026879929682831,-10.34563506689345,3.2493315778080882,6.664843029038755,1.8524931519219816
4.19329787374015,-5.7189139779961575,-5.741170086576375,1.1030050067803332,6.631704760804999
-3.4706792264066175,-5.9487751979733385,7.341449963303299,-7.638715449115585,9.746644527670274
2.87167248768688,-12.157880983556264,1.6590658196366457,2.463162743247505,1.2281758897574475
3.766457582545527,-12.903330721660598,2.021560015355886,2.349810520360453,0.0024845330477002436
-0.09383524994902004,-0.6724735708885379,-0.7456009472048706,3.395383997031919,-4.531539314350656
4.0894447725575285,1.1350280505740424,3.046321385092453,-3.601094349505283,-8.522385624028857
5.86069965173176,8.113785191705048,-1.9482422410543103,10.33563256771357,5.185439953254143
7.721541482641574,-1.8960217385595781,10.963413107734311,-1.3224611819150853,-6.735729730116581
2.4067071799468924,-10.357561887216368,4.864487039944098,-0.11912682271350405,4.992366882825444
2.9249506487483776,5.987346055394863,-4.144442752995564,6.265986588459979,-2.467408131217544
5.101587163381518,5.055317002765008,-0.796236028311307,2.247062719324677,2.804621873183535
1.8213665506285113,6.523568785381074,-16.79889464221624,-0.9906455705701886,7.595661392527932
8.253506357705351,-10.741391462930117,7.353591041427209,9.611562930522815,-2.1049227163218864
2.6756034130867272,3.7609444302939337,4.461777927906956,6.853989995760679,0.08198650016516829
6.1198787851025545,-1.4474504782622872,8.107428220387456,0.02802981663741999,-5.404307285774469
-7.004827954986132,-10.598632257605345,5.56389019551702,-5.966489628614208,4.904608881041551
-6.510777036789462,-10.944260939019506,6.497525508114629,-5.748203402515959,1.357271999198672
-5.972347836661011,-11.713678894822467,7.731712716388145,-7.293379781801809,-9.73146445416971
-5.527554736107633,-4.942943980886957,4.010530295375625,-3.2202068073523806,-8.529052594381154
-1.0117013781933282,-11.135144177070881,5.001571890675153,-8.330326733131969,5.5137501649171545
-4.885862060402851,-15.579342121695488,9.017533198293538,-9.664038365415044,1.6626201238453202
-0.32100590818578656,4.664573855001029,-13.338189345137028,1.3520330873315876,3.472217623687545
-2.647608589811049,6.213131604307731,0.6196300797828649,0.9186888806708433,0.9367310971633884
-8.772747607933898,-6.652648238716592,8.223865318988818,-7.379172115533919,3.626003210267685
-3.28941364003818,-6.956301305740537,8.306973091866238,-12.373160841937974,0.8272863597494444
-3.4312734798732603,9.294726659467425,-1.0325548315301183,1.7893027505821228,5.536954070242815
1.340943846645242,5.355493228557963,-3.637788444578697,4.779787446225136,9.757866970851362
-2.354227473859297,-6.211565994277745,-1.243955312860606,0.48613662196188345,1.175715527085948
1.7194693634516605,-4.581383416305364,-4.24678877973682,1.1754229403796503,3.1511467051804143
6.383879035819865,5.498398121918655,-7.12088723103673,3.9836475072687856,7.826790610957346
8.831332384580637,-8.052817778618381,3.915857622107536,9.009725920870059,1.4506861977966747
5.657647676861889,-2.909035608213545,6.457333427407928,-1.592980509788004,-12.603552487676442
-6.396657681975312,-4.994306368716336,7.665474737320004,-6.016281179530696,-9.329822419953691
0.5303976000035482,0.7992991830491496,-4.875847923706811,2.4561247499793306,-1.3868913927029558
5.105602829445818,-3.68377117897228,-3.5575363480585893,7.255935528004549,1.0289090465287685
-0.4586155940046712,-9.739061903869914,2.641471089009647,7.028260058918988,2.63224808635694
1.7441346432973002,3.573025223992868,0.2953647683164918,6.267916505523709,2.468045103415732
-6.094550233415792,-6.063246067553574,3.968255752018506,-7.004224494999125,-9.190442753411762
-4.130391167805988,-5.975613041598418,5.679728809428452,-3.5048206998839744,-8.096206015794538
1.4468168748776762,-4.1643401559888495,-4.158519046003272,4.382017810200464,-0.31690703039732615
-1.7618393114072086,-7.311810259536368,-3.49004880144654,5.080454107734527,3.6507841079662384
4.516756493987193,8.596665170156363,-12.103427956335246,4.062017903319868,9.03074004305116
-0.3897432982476198,5.964916647311343,-3.3316614632956356,4.6805022304386545,-1.7060347144228656
6.2917400370460985,9.748724337045553,-10.857184034706883,1.499179112266205,7.998320111941784
-9.888308016319247,-8.523974803292877,3.334709598308119,-5.8174252237979855,-6.655159637690357
-2.3649544529348905,-2.7767345779104398,15.571196027574427,-7.010176793593515,-3.1071828400352857
1.0601027569193855,8.827025182810038,-9.516574281584298,2.4772355334346488,3.2255489284053303
2.0250512505264133,9.108417403039212,-10.700252128267426,10.879543904259405,5.606688377379563
2.612461095949591,12.304892393234486,-10.713561686155467,2.3832154071077447,12.223094766867137
1.6185146246180973,6.348118914895025,0.19911228685497218,7.136644920170214,4.662885772013711
4.241270310555721,-8.839858407082051,-6.042250856564373,8.260945361302127,-4.816851724812695
7.435782173523419,-4.061248498685208,10.870683103317003,0.247329592284113,-10.381843131238584
8.926497643882104,10.709844015730534,-13.460251767837319,-1.3760752085481798,3.7264969593919233
9.351832107925352,-8.999921175112691,3.8735946632825526,3.9631806395156435,3.7395570373172755
2.864266883988974,3.263210111349861,0.10385819599849189,9.468602265425156,7.29634158031525
2.179099790981947,1.770254708969599,1.3003360166436115,5.765094437267855,2.832151908643741
-6.166025778258504,1.7373785764694905,-6.4211912883126825,12.2098505751616,8.361334890134016
-2.4837187067401487,-3.552898212549356,6.205387947973524,-5.219511351971638,-7.197076456670452
2.3285440726098745,-2.178353453622356,12.282821156391758,-5.4897464118303825,-4.770572644488659
-3.2573700255973606,-14.531566000151173,6.917905902610452,-13.23333278362028,0.9376564788386295
-4.954825413916446,-8.544799208264624,4.72260111439858,-6.708641275431063,2.7645120642422185
8.60413916472452,-0.31208977490204015,4.056276012050983,-2.2769364929389115,-5.105705782144917
0.7273648256195817,1.8824096323319193,-5.086898626626705,3.0776422070253004,2.913535707006079
-5.61496968280843,-4.817863622307139,6.520219120388041,-7.004496126480199,-2.486245949765048
2.157605807747024,12.022947234579242,-12.258808815903613,-0.9438071955001432,9.501973786135611
4.699023207468299,7.143159401057917,-5.119168862861909,-3.4998939197263983,10.931400636773398
-1.0928298595291666,1.0839030674664674,-5.353047380832994,0.2543057260764998,5.4085308695887155
-2.1862772662733256,3.322752829351117,2.6081888505882658,2.8259395745391496,3.0069736823085496
-4.819098063983923,0.8912148745720647,-7.563643184587823,4.1003072783462,5.868999654502782
0.2848842828277425,7.909283367368719,-6.858370334289106,1.2992675548735009,9.499742233617376
6.062192993980832,7.771016872417824,-11.36927692525909,-2.700431173068414,8.426908605759127
0.605364210944414,5.9235411475999005,-2.001210835795365,9.289050837074555,2.2355925502884353
4.689176702689782,-14.491720866839454,3.407358964163465,4.270830961345195,-3.812343170910613
3.8810907558828336,0.08957204830296467,7.259172891314179,-1.9665482746404512,-13.697298143256301
1.8181444251530658,8.117573716779104,-3.926086078803256,12.08158041510482,1.8559130665439962
-5.956210057348252,-2.8909050009414603,7.957971835343896,-7.0537541812230025,-0.9955747515747202
2.3977048151689075,1.3572400772420103,-3.7867089770290203,0.5397723412315338,-3.1155982129042634
3.751226107889411,5.5422125599895535,0.9912125981872915,7.711928395919403,-0.9175685574386083
0.48273341063857833,3.352933155712555,2.2597522501295297,1.7497476000957752,-3.9725347579946657
-5.824475373177568,-7.436694373652314,5.413916033581737,-7.291183578356136,-8.017988799510748
7.571369457481597,10.539965648299704,-8.981449801517833,1.5355686273665103,2.220145312202673
3.9592238193647242,7.255416010705899,-7.972323441548812,-1.016453659545251,8.492378181805844
0.8557304499642933,1.9356440434014601,-8.771998466505572,11.250781643052228,0.6849824118876158
3.816789387306903,10.881838668219089,-17.424967690195327,-4.543427659663928,13.621342703283862
5.198560171557258,2.225899478103413,-3.049576098718692,12.194550491534363,3.043329814180796
5.939769695255672,-5.834616518034979,8.42983281685887,-1.7029112416526773,-2.2544522830706484
7.7717384364617645,-8.52452817140042,2.0511262413611946,1.7369854988956903,-0.39906923947861084
6.043183834272169,3.385022239244082,3.7135917419961366,-11.977297144968464,-8.664098114898575
0.04420203425209257,-13.90586366528241,-1.9806717557477183,3.8655904204282,0.4093095445890831
1.0733840164366004,3.7651985706769686,11.623784730775343,-1.592543114597325,-6.724559911323979
4.8673296400261865,12.225256350561928,-7.375027152643176,0.42672112940946366,-3.0855155977746325
-7.1084880767840035,-3.619569723395118,7.459258677771751,-2.4797688791597103,-9.647987557102685
-4.10033110752971,0.933403531521888,2.7387560950808476,-7.524141722115172,-4.52540326142485
0.8961534412473231,4.193114273608147,0.015534691264662198,-3.5020655220450054,1.2488515839701422
2.310567714651982,6.235290612372535,-6.091842086235662,8.17760213973829,5.726460790126662
-11.312676952782247,-7.323901184460046,1.0981053706649044,-7.240966108247408,-5.608274433882278
-13.949251012690894,-8.502877611577155,1.0386625033874068,-10.737511287631861,-9.941858796419165
7.7383462916914025,4.727343303490582,-3.178456247452953,5.212887959209206,6.830799462576323
-8.311795585605024,0.2853713206675419,7.9457393449199225,-4.913282035315958,-11.741606729552245
2.1121317897153427,1.932284664833591,-2.509775586741854,8.971359981124765,2.307847595810789
6.523200645426972,4.428711904647486,-10.001152018008073,6.863530865834134,4.330220403702071
-1.7926508549282687,9.920765147180855,-9.824343993230997,-3.567098261252057,5.15211910611753
1.5569196857643863,5.550486666792936,1.109584402714173,-11.528739387553532,-8.483621680815933
7.704826858733542,-9.686742011843215,2.173762620370125,5.7847949210288645,1.0960568992201727
-5.595659061160996,-7.820460239102448,11.4918976390645,-10.498883168986746,5.670593471882793
2.750608473427458,-3.2725346871135206,-4.736997332630693,-3.3444788081587973,-0.3728726865934152
3.4096887388733617,9.065353401790418,-0.7593912512473668,4.195601583144882,2.5768399799307447
5.3481190414792446,-1.1855228744926227,9.675581603675148,-7.401303204176297,-15.292703060161863
-4.440147493851476,-3.2880234223850744,-6.782923848819942,4.761539291016848,-1.5859766204631365
2.0090724244364004,-3.0788013033672708,7.25550672250703,-5.591423003010287,2.173721936035637
3.9399627374795623,0.262196507275438,4.024108491111711,-5.928903176094906,-4.421088117217032
0.11131712414809058,6.037815870305842,-3.281363273482664,3.539211028020574,0.3798441745582992
2.5844267534150474,-8.706558721274307,-5.181616352210925,4.106060182637149,1.0545849329207089
5.21883578955963,-2.565354542640028,6.491365210679229,-3.160506090785876,-3.113659031353313
-4.733697584324503,-5.257154639153091,5.805153987108656,-2.0402271482678014,-9.428020477298926
2.064241672293648,-4.443325800187892,-6.959597381075978,-4.357997126316562,-6.800970600015102
7.381346540968385,0.5503806430714131,-2.1346735387473426,8.163982226805915,2.8761594538581883
3.563024119824818,7.00904485646984,-8.184159184826463,-1.1520343342851724,5.738167230230116
